Laptop Name,Current Price,MRP Price,Rating,Dedicated Graphic Memory Type,Processor Brand,Processor Name,SSD,SSD Capacity,RAM,RAM Type,Graphic Processor,Processor Generation,Processor Variant,Clock Speed,Cache,Number of Cores,Expandable Memory,RAM Frequency,Expandable SSD Capacity,Chipset,Memory Slots,RPM,Dedicated Graphic Memory Capacity,HDD Capacity,EMMC Storage Capacity,Cloud Storage
"AXL Intel Celeron Dual Core - (4 GB/256 GB SSD/Windows 11 Home) 15W_LAP02 Thin and Light Laptop  (15.6 inch, Dark Grey)","16,990","33,990",3.6,DDR4,Intel,Celeron Dual Core,Yes,256 GB,4 GB,DDR4,NA,,,,,,,,,,,,,,,
"CHUWI Intel Core i3 12th Gen Intel Core i3-1215U - (12 GB/512 GB SSD/Windows 11 Home) FreeBook 2 in 1 Laptop  (13.5 inch, Grey, 1340 g)","37,990","49,990",4.2,GDDR3,Intel,Core i3,Yes,512 GB,12 GB,LPDDR4,Intel Integrated Intel UHD Graphics,12th Gen,Intel Core i3-1215U,2.8GHz,10 MB,6,,,,,,,,,,
"HP 15s Intel Core i3 12th Gen 1215U - (8 GB/512 GB SSD/Windows 11 Home) 15s-fq5007TU Thin and Light Laptop  (15.6 Inch, Natural Silver, 1.69 kg, With MS Office)","37,490","56,261",4.2,,Intel,Core i3,Yes,512 GB,8 GB,DDR4,Intel Integrated UHD,12th Gen,1215U,"Base Frequency 3.30 GHz, Max Turbo Boost Frequency Up to 4.40 GHz",12 MB,6,16 GB,3200 MHz,,,,,,,,
"ASUS Vivobook 15 Intel Core i3 11th Gen 1115G4 - (8 GB/256 GB SSD/Windows 11 Home) X515EA-EJ312W Thin and Light Laptop  (15.6 Inch, Transparent Silver, 1.80 kg)","28,990","44,990",4.3,,Intel,Core i3,Yes,256 GB,8 GB,DDR4,Intel Integrated UHD,11th Gen,1115G4,1.7 GHz upto max turbo frequency at 4.1 Ghz,6,2,16,,2 TB,,,,,,,
"SAMSUNG Galaxy Book 2 Intel Core i5 12th Gen 1235U - (8 GB/512 GB SSD/Windows 11 Home) NP550 Thin and Light Laptop  (15.6 Inch, Graphite, 1.80 Kg, With MS Office)","44,990","82,990",4.3,,Intel,Core i5,Yes,512 GB,8 GB,DDR4,Intel Integrated UHD,12th Gen,1235U,1.3GHz up to 4.4GHz,,,,,,,,,,,,
"Lenovo V15 AMD Ryzen 3 Quad Core 7320U - (8 GB/512 GB SSD/Windows 11 Home) V15 G4 AMN 1 Thin and Light Laptop  (15.6 Inch, Arctic Grey, 1.65 Kg)","27,990","39,157",4.3,,AMD,Ryzen 3 Quad Core,Yes,512 GB,8 GB,LPDDR5,AMD Radeon AMD,,7320U,2.4 GHz upto max turbo frequency at 4.1 Ghz,,,8,,512 GB,,,,,,,
"Acer Aspire 3 14 Metal Body Intel Core i3 12th Gen N305 - (8 GB/512 GB SSD/Windows 11 Pro) A314-36M Thin and Light Laptop  (14 Inch, Silver, 1.4 Kg)","31,990","45,999",NA,,Intel,Core i3,Yes,512 GB,8 GB,LPDDR5,Intel Integrated UHD,12th Gen,N305,Max Frequency Up to 3.8 GHz,,,,,,,,,,,,
"Lenovo IdeaPad Slim1 AMD Ryzen 5 Hexa Core 5500U - (8 GB/512 GB SSD/Windows 11 Home) 15ACL6 | 15ACL7 Thin and Light Laptop  (39.62 cm, Cloud Grey, 1.65 kg, With MS Office)","36,480","57,890",4.2,,AMD,Ryzen 5 Hexa Core,Yes,512 GB,8 GB,DDR4,AMD Radeon AMD,,5500U,2.1 GHz with Max Turbo Boost Frequency Up to 4.0 GHz,11,6,12,,NA,,,,,,,
"ZEBRONICS Pro Series Z Intel Core i5 12th Gen 1235U - (8 GB/512 GB SSD/Windows 11 Home) ZEB-NBC 4S Thin and Light Laptop  (15.6 Inch, Blue, 1.76 Kg)","29,990","60,999",3.8,,Intel,Core i5,Yes,512 GB,8 GB,DDR4,Intel Integrated UHD,12th Gen,1235U,Max Turbo Frequency upto 4.4GHz,,,64 GB,,,,,,,,,
"MSI Modern 14 AMD Ryzen 5 Hexa Core 7530U - (16 GB/512 GB SSD/Windows 11 Home) Modern 14 C7M-062IN Thin and Light Laptop  (14 Inch, Urban Silver, 1.4 Kg)","37,990","64,990",4.3,,AMD,Ryzen 5 Hexa Core,Yes,512 GB,16 GB,DDR4,AMD Radeon AMD,,7530U,2.0 GHz upto max turbo frequency at 4.5 Ghz,,,,,,,,,,,,
"DELL Intel Core i5 11th Gen 1135G7 - (8 GB/512 GB SSD/Windows 11 Home) Vostro 3520 Laptop  (15.6 inch, Titan Grey, 1.83 Kg, With MS Office)","42,990","56,340",4.1,,Intel,Core i5,Yes,512 GB,8 GB,DDR4,Intel Integrated UHD,11th Gen,1135G7,2.40 GHz up to 4.20 GHz,,,,,,,,,,,,
"DELL Intel Core i3 12th Gen 1215U - (8 GB/512 GB SSD/Windows 11 Home) New Inspiron 15 Laptop Thin and Light Laptop  (15.6 Inch, Platinum Silver, 1.65 Kg, With MS Office)","35,450","51,335",4.2,,Intel,Core i3,Yes,512 GB,8 GB,DDR4,Intel Integrated UHD,12th Gen,1215U,0.9 GHz upto max turbo frequency at 4.4 Ghz,,,,,,,,,,,,
"HP AMD Ryzen 5 Hexa Core 5500U - (8 GB/512 GB SSD/Windows 11 Home) 15s- eq2144au Thin and Light Laptop  (15.6 inch, Natural Silver, 1.69 kg, With MS Office)","37,949","54,552",4.3,,AMD,Ryzen 5 Hexa Core,Yes,512 GB,8 GB,DDR4,AMD Radeon AMD,,5500U,2.1 GHz with Max Turbo Boost Frequency Up to 4.0 GHz,8,6,,,,,,,,,,
"Lenovo V15 Series AMD Athlon Dual Core 7120U - (8 GB/512 GB SSD/Windows 11 Home) V15 Thin and Light Laptop  (15.6 Inch, Silver, 1.6 Kg)","24,890","38,000",4.3,,AMD,Athlon Dual Core,Yes,512 GB,8 GB,DDR5,AMD Radeon AMD,,7120U,Max Turbo Frequency up to 3.5GHz,,,,,,,,,,,,
"HP 255 G9 AMD Ryzen 3 Dual Core AMD Ryzen3 3250 - (8 GB/512 GB SSD/Windows 11 Home) 255 G8 Notebook Notebook  (15.6 inch, Dark Ash, 1.78 kg)","25,890","44,912",4.1,,AMD,Ryzen 3 Dual Core,Yes,512 GB,8 GB,DDR4,AMD Radeon Vega 8 Graphics,,AMD Ryzen3 3250,"1.0 GHz base frequency, up to 3.6 GHz with Intel® Turbo Boost Technology,",4 Mb L3,2,upto 64 gb,,,AMD Radeon Vega 8 Graphics,2 SODIMM,,,,,
"ASUS Vivobook 15 Intel Core i3 12th Gen 1215U - (16 GB/512 GB SSD/Windows 11 Home) X1502ZA-EJ993WS Thin and Light Laptop  (15.6 Inch, Icelight Silver, 1.70 Kg, With MS Office)","39,990","58,990",4.3,,Intel,Core i3,Yes,512 GB,16 GB,DDR4,Intel Integrated UHD,12th Gen,1215U,Max turbo frequency at 4.4 Ghz,,,,,,,,,,,,
"HP 245G9 AMD Ryzen 3 Dual Core AMD Ryzen 3 3250U - (8 GB/512 GB SSD/Windows 11 Home) 245 G8 Business Laptop  (14 inch, Black, 1.98 kg)","25,999","40,528",4.2,,AMD,Ryzen 3 Dual Core,Yes,512 GB,8 GB,DDR4,AMD Radeon AMD Radeon™ Graphics,,AMD Ryzen 3 3250U,2.6 GHz base clock,4 MB L3 cache,2,,2400 MHz,,,2 SODIMM,2400,,,,
"HP G9 Intel Core i3 12th Gen 1220U - (8 GB/512 GB SSD/Windows 11 Pro) 240 G9 Laptop  (14 inch, Silver, 1.75 kg, With MS Office)","35,250","58,000",NA,DDR4,Intel,Core i3,Yes,512 GB,8 GB,DDR4,NA,12th Gen,1220U,3.2 GHZ,12MB,4,32,3200 MHz,1 TB,12500,2,,,,,
"Lenovo IdeaPad Gaming 3 Intel Core i5 11th Gen 11320H - (8 GB/512 GB SSD/Windows 11 Home/4 GB Graphics/NVIDIA GeForce RTX 2050) 15IHU6 Gaming Laptop  (15.6 inch, Black, 2.25 kg)","50,990","71,290",4.1,GDDR6,Intel,Core i5,Yes,512 GB,8 GB,DDR4,NVIDIA GeForce RTX 2050,11th Gen,11320H,"Base Frequency 3.2 GHz, Max Turbo Boost at 4.5 GHz",8 MB,4,16 GB,,,Intel SoC Platform,2,3200,4 GB,,,
"DELL Intel Core i3 12th Gen 1215U - (8 GB/512 GB SSD/Windows 11 Home) Inspiron 3520 Thin and Light Laptop  (15.6 Inch, Carbon Black, 1.83 Kg, With MS Office)","34,990","49,318",4.2,,Intel,Core i3,Yes,512 GB,8 GB,DDR4,Intel Integrated UHD,12th Gen,1215U,Up to 4.40 GHz,,,,,,,,,,,,
"MSI Modern 14 Intel Core i3 12th Gen 1215U - (16 GB/512 GB SSD/Windows 11 Home) Modern 14 C12M-444IN Thin and Light Laptop  (14 Inch, Urban Silver, 1.4 Kg)","34,990","58,990",4.3,,Intel,Core i3,Yes,512 GB,16 GB,DDR4,Intel Integrated UHD,12th Gen,1215U,0.9 GHz upto max turbo frequency at 4.4 Ghz,,,,,,,,,,,,
"Lenovo IdeaPad Slim 3 Intel Core i5 12th Gen 1235U - (8 GB/512 GB SSD/Windows 11 Home) 15IAU7 Thin and Light Laptop  (15.6 Inch, Arctic Grey, 1.63 Kg, With MS Office)","47,990","76,890",4.2,,Intel,Core i5,Yes,512 GB,8 GB,DDR4,Intel Integrated UHD Graphics,12th Gen,1235U,,12,10,16,3200 MHz,NA,Intel SoC Platform,,,,,,
"Acer Extensa (2023) AMD Ryzen 5 Quad Core 7520U - (8 GB/512 GB SSD/Windows 11 Home) EX215-23 Thin and Light Laptop  (15.6 Inch, Steel Gray, 1.78 Kg)","31,990","51,999",4.1,,AMD,Ryzen 5 Quad Core,Yes,512 GB,8 GB,LPDDR5,AMD Radeon AMD,,7520U,2.8GHz Upto 4.3GHz,,,8 GB,,,,,,,,,
"Acer Aspire Lite AMD Ryzen 5 Hexa Core 5500U - (8 GB/512 GB SSD/Windows 11 Home) AL15-41 Thin and Light Laptop  (15.6 inch, Steel Grey, 1.59 Kg)","34,990","56,990",NA,,AMD,Ryzen 5 Hexa Core,Yes,512 GB,8 GB,DDR4,AMD Radeon AMD,,5500U,Max Frequency Up to 4.00 GHz,,,,,,,,,,,,
"ASUS Vivobook 15 Intel Core i3 12th Gen 1215U - (8 GB/512 GB SSD/Windows 11 Home) X1502ZA-EJ953WS Thin and Light Laptop  (15.6 Inch, Icelight Silver, 1.70 kg, With MS Office)","35,990","56,990",4.3,,Intel,Core i3,Yes,512 GB,8 GB,DDR4,Intel Integrated Integrated,12th Gen,1215U,Upto 4.40GHz,10 MB,6,16,,1 TB,,,,,,,
"MSI GF63 Intel Core i5 11th Gen 11260H - (16 GB/512 GB SSD/Windows 11 Home/4 GB Graphics/NVIDIA GeForce GTX 1650/60 Hz) GF63 Thin 11SC-1493IN Gaming Laptop  (15.6 Inch, Black, 1.86 Kg)","44,990","70,990",4.2,GDDR6,Intel,Core i5,Yes,512 GB,16 GB,DDR4,NVIDIA GeForce GTX 1650,11th Gen,11260H,Max Turbo Frequency up to 4.4GHz,,,64 GB,,4 TB,,,,4 GB,,,
"Apple 2020 Macbook Air Apple M1 - (8 GB/256 GB SSD/Mac OS Big Sur) MGN63HN/A  (13.3 inch, Space Grey, 1.29 kg)","74,990","99,900",4.7,,Apple,M1,Yes,256 GB,8 GB,DDR4,NA,,Apple M1 Chip,,,8,Upto 16 GB,,,,,,,,,
"Lenovo IdeaPad Slim 3 Intel Core i3 11th Gen 1115G4 - (8 GB/512 GB SSD/Windows 11 Home) 81X800J3IN|81X800LGIN|81X800N2IN Thin and Light Laptop  (15.6 Inch, Grey, 1.7 Kg, With MS Office)","33,490","63,190",4.2,,Intel,Core i3,Yes,512 GB,8 GB,DDR4,Intel Integrated UHD Graphics,11th Gen,1115G4,4.1,6,2,16GB,2666 MHz,NA,Intel SoC Platform,2,,,,,
"Infinix Y1 Plus Neo Intel Intel Celeron Quad Core 11th Gen JSL N5100 - (8 GB/512 GB SSD/Windows 11 Home) XL30 Thin and Light Laptop  (15.36 inch, Blue, 1.76 Kg)","22,990","39,990",4.1,,Intel,Celeron Quad Core,Yes,512 GB,8 GB,LPDDR4X,Intel Integrated UHD,11th Gen,JSL N5100,1.1GHz - 2.8GHz,,,,,,,,,,,,
"CHUWI Intel Core i3 12th Gen Intel Core i3-1215U - (12 GB/512 GB SSD/Windows 11 Home) FreeBook 2 in 1 Laptop  (13.5 inch, Grey, 1340 g)","37,990","49,990",4.2,GDDR3,Intel,Core i3,Yes,512 GB,12 GB,LPDDR4,Intel Integrated Intel UHD Graphics,12th Gen,Intel Core i3-1215U,2.8GHz,10 MB,6,,,,,,,,,,
"CHUWI Intel Celeron Dual Core 11th Gen N4020 - (8 GB/256 GB SSD/Windows 11 Home) HeroBook Pro Laptop  (14.1 inch, Grey, 1.39 kg)","16,990","34,990",3.7,DDR4,Intel,Celeron Dual Core,Yes,256 GB,8 GB,DDR4,Intel Integrated Intel UHD Graphics,11th Gen,N4020,2.6GHz,,2,,,,,,,,,,
"DELL Intel Core i5 12th Gen 1235U - (8 GB/512 GB SSD/Windows 11 Home) New Inspiron 15 Laptop Thin and Light Laptop  (14.96 inch, Carbon Black, 1.65 Kg, With MS Office)","45,999","70,742",4.1,,Intel,Core i5,Yes,512 GB,8 GB,DDR4,Intel Integrated UHD,12th Gen,1235U,"Base Frequency 3.30 GHz, Max Turbo Boost Frequency Up to 4.40 GHz",,,,,,,,,,,,
"HP AMD Ryzen 3 Dual Core 3250U - (8 GB/256 GB SSD/Windows 11 Home) 15s-ey1508AU Thin and Light Laptop  (15.6 mm, Jet Black, 1.69 Kg, With MS Office)","30,980","43,631",4.2,,AMD,Ryzen 3 Dual Core,Yes,256 GB,8 GB,DDR4,AMD Radeon Radeon,,3250U,"2.6 GHz base clock, up to 3.5 GHz max boost clock",4,2,,2400 MHz,,,,,,,,
"ASUS Vivobook 16 (2023) Intel Core i5 13th Gen 1335U - (16 GB/512 GB SSD/Windows 11 Home) X1605VAB-MB544WS Laptop  (16 Inch, Transparent Silver, 1.88 Kg, With MS Office)","58,990","84,990",4.5,,Intel,Core i5,Yes,512 GB,16 GB,DDR4,Intel Integrated Iris Xe,13th Gen,1335U,Max Turbo Frequency up to 4.6 GHz,,,,,,,,,,,,
"Lenovo IdeaPad Slim 3 Intel Core i3 11th Gen 1115G4 - (8 GB/512 GB SSD/Windows 11 Home) Ideapad 3 15ITL6 Ub Thin and Light Laptop  (15.6 Inch, Arctic Grey, 1.7 Kg, With MS Office)","33,990","55,490",NA,,Intel,Core i3,Yes,512 GB,8 GB,DDR4,Intel Integrated UHD Graphics,11th Gen,1115G4,4.1,6,2,16GB,2666 MHz,NA,Intel SoC Platform,2,,,,,
"Infinix X3 Slim Intel Intel Core i3 12th Gen 1215U - (8 GB/512 GB SSD/Windows 11 Home) XL422 Thin and Light Laptop  (14 Inch, Grey, 1.24 Kg)","29,990","54,990",4.1,,Intel,Core i3,Yes,512 GB,8 GB,LPDDR4X,Intel Integrated UHD,12th Gen,1215U,0.9 GHz upto max turbo frequency at 4.4 Ghz,,,,,,,,,,,,
"ASUS TUF Gaming F15 with 90WHr Battery Intel Core i5 11th Gen 11400H - (16 GB/512 GB SSD/Windows 11 Home/4 GB Graphics/NVIDIA GeForce RTX 3050/144 Hz/75 TGP) FX506HC-HN362W Gaming Laptop  (15.6 Inch, Graphite Black, 2.30 Kg)","59,990","89,990",4.4,GDDR6,Intel,Core i5,Yes,512 GB,16 GB,DDR4,NVIDIA GeForce RTX 3050,11th Gen,11400H,2.7Ghz upto 4.5 GHz,,,32,,2 TB,,,,4 GB,,,
"ASUS Vivobook 15X (2023) Intel Core i3 13th Gen 1315U - (8 GB/512 GB SSD/Windows 11 Home) K3504VAB-NJ321WS Thin and Light Laptop  (15.6 Inch, Indie Black, 1.60 Kg, With MS Office)","41,200","58,990",4.5,,Intel,Core i3,Yes,512 GB,8 GB,DDR4,Intel Integrated UHD,13th Gen,1315U,Max Turbo Frequency up to 4.5 GHz,,,,,,,,,,,,
"Infinix Y1 Plus Neo Intel Intel Celeron Quad Core 11th Gen JSL N5100 - (8 GB/512 GB SSD/Windows 11 Home) XL30 Thin and Light Laptop  (15.36 inch, Grey, 1.76 Kg)","22,990","26,390",4.1,,Intel,Celeron Quad Core,Yes,512 GB,8 GB,LPDDR4X,Intel Integrated UHD,11th Gen,JSL N5100,1.1GHz - 2.8GHz,,,,,,,,,,,,
"HP Laptop AMD Ryzen 3 Quad Core 5300U - (8 GB/512 GB SSD/Windows 11 Home) 15s- eq2212AU Thin and Light Laptop  (15.6 Inch, Natural Silver, 1.69 Kg, With MS Office)","32,290","44,783",4.3,,AMD,Ryzen 3 Quad Core,Yes,512 GB,8 GB,DDR4,AMD Radeon AMD,,5300U,2.6 GHz with Turbo Boost Upto 3.8 GHz,,,,,,,,,,,,
"HP 255 G9 841W6pa AMD Ryzen 3 Dual Core - (8 GB/512 GB SSD/DOS) 6E3Z0PA Laptop  (15.6 inch, Black)","23,999","35,208",3.7,,AMD,Ryzen 3 Dual Core,Yes,512 GB,8 GB,DDR4,NA Integerated Graphics,,,,,,,,,,,,,,,
"HP 255 G9 AMD Ryzen 3 Dual Core R3 3250 - (8 GB/512 GB SSD/Windows 11 Home) 255 G8 Business Laptop  (15.6 Inch, Black, 1.74 Kg)","25,990","39,999",4.1,DDR4,AMD,Ryzen 3 Dual Core,Yes,512 GB,8 GB,DDR4,AMD Radeon AMD,,R3 3250,2.6GHz Upto 3.5GHz,4 MB,,,,,,,,,,,
"Lenovo IdeaPad Flex 5 AMD Ryzen 7 Octa Core 5700U - (16 GB/512 GB SSD/Windows 11 Home) 14ALC7 2 in 1 Laptop  (14 Inch, Storm Grey, 1.55 Kg, With MS Office)","66,999","97,890",4.3,,AMD,Ryzen 7 Octa Core,Yes,512 GB,16 GB,LPDDR4X,Intel Integrated AMD,,5700U,"Base Frequency 1.8 GHz, Max Turbo Boost Frequency Up to 4.30 GHz",,8,,,,,,,,,,
"HP Intel Core i5 12th Gen 1235U - (8 GB/512 GB SSD/Windows 11 Home) 15s-fy5007TU Thin and Light Laptop  (15.6 Inch, Natural Silver, 1.69 kg, With MS Office)","49,980","60,990",4.4,,Intel,Core i5,Yes,512 GB,8 GB,DDR4,Intel Integrated Iris Xe,12th Gen,1235U,Max Turbo Frequency up to 4.4GHz,,,,,,,,,,,,
"Acer Aspire 5 Gaming Intel Core i5 12th Gen 1240P - (16 GB/512 GB SSD/Windows 11 Home/4 GB Graphics/NVIDIA GeForce RTX 2050) A515-57G Gaming Laptop  (15.6 inch, Steel Gray, 1.8 Kg)","59,990","89,990",4.1,GDDR6,Intel,Core i5,Yes,512 GB,16 GB,DDR4,NVIDIA GeForce RTX 2050,12th Gen,1240P,Up to 4.40 GHz,,12,32,3200 MHz,,,2,,4 GB,,,
"HP Pavilion Intel Core i5 13th Gen 1335U - (16 GB/1 TB SSD/Windows 11 Home) 15-eg3018TU Thin and Light Laptop  (15.6 Inch, Natural Silver, 1.75 Kg, With MS Office)","72,490","87,095",4.3,,Intel,Core i5,Yes,1 TB,16 GB,DDR4,Intel Integrated Iris Xe,13th Gen,1335U,Max Turbo Frequency up to 4.6 GHz,,,,,,,,,,,,
"Lenovo Lenovo V15 Intel Celeron Dual Core 4th Gen - (8 GB/256 GB SSD/Windows 11 Home) 82QYA00MIN Laptop  (15.6 inch, Black)","21,379","45,000",4,,Intel,Celeron Dual Core,Yes,256 GB,8 GB,DDR4,Intel Integrated Intel UHD Graphics,4th Gen,,,,,NA,2400 MHz,NA,,2,,,,,
"ASUS TUF Gaming F15 with 90Whr Battery with 90WHr Battery Intel H-Series Intel Core i5 11th Gen 11400H - (16 GB/512 GB SSD/Windows 11 Home/4 GB Graphics/NVIDIA GeForce RTX 3050/144 Hz/75 TGP) FX506HC-HN362WS Gaming Laptop  (15.6 Inch, Graphite Black, 2.30 Kg, With MS Office)","62,990","95,990",4.7,GDDR6,Intel,Core i5,Yes,512 GB,16 GB,DDR4,NVIDIA GeForce RTX 3050,11th Gen,11400H,2.70 GHz Upto 4.5 GHz,12 MB,6,32 GB,,,,,,4 GB,,,
"DELL Intel Core i5 11th Gen - (8 GB/512 GB SSD/Ubuntu) 3420 Business Laptop  (14 inch, Black)","41,000","84,998",3.7,,Intel,Core i5,Yes,512 GB,8 GB,DDR4,Intel Integrated Iris Xe Graphics,11th Gen,,,,,,,,,,,,,,
"DELL Intel Core i3 12th Gen 1215U - (8 GB/512 GB SSD/Windows 11 Home) New Inspiron 15 Laptop Thin and Light Laptop  (38 cm, Carbon Black, 1.65 Kg, With MS Office)","34,450","49,518",4.2,,Intel,Core i3,Yes,512 GB,8 GB,DDR4,Intel Integrated UHD,12th Gen,1215U,0.9 GHz upto max turbo frequency at 4.4 Ghz,,,,,,,,,,,,
"Acer Travelmate AMD Ryzen 5 Hexa Core 5500U - (8 GB/512 GB SSD/Windows 11 Home) TMP214-41-G3 Thin and Light Laptop  (14 Inch, Black, 1.59 Kg)","37,290","59,990",4.1,,AMD,Ryzen 5 Hexa Core,Yes,512 GB,8 GB,DDR4,AMD Radeon AMD,,5500U,2.1 GHz with Turbo Boost Upto 4.0 GHz,,,,,,,,,,,,
"MSI GF63 Intel Core i5 11th Gen 11260H - (16 GB/1 TB HDD/256 GB SSD/Windows 11 Home/4 GB Graphics/NVIDIA GeForce RTX 3050/144 Hz) GF63 Thin 11UC-1490IN Gaming Laptop  (15.6 Inch, Black, 1.86 Kg)","52,990","84,990",4.3,GDDR6,Intel,Core i5,Yes,256 GB,16 GB,DDR4,NVIDIA GeForce RTX 3050,11th Gen,11260H,Max Turbo Frequency up to 4.4GHz,,,64 GB,,4 TB,,,,4 GB,1 TB,,
"HP Intel Core i5 12th Gen 1235U - (16 GB/512 GB SSD/Windows 11 Home) 15s-fq5330TU Thin and Light Laptop  (15.6 inch, Natural Silver, 1.69 Kg)","54,990","68,223",4.2,,Intel,Core i5,Yes,512 GB,16 GB,DDR4,Intel Integrated Iris Xe,12th Gen,1235U,Max Frequency Up to 4.4 GHz,,,,,,,,,,,,
"SAMSUNG Galaxy Book3 Intel Core i5 13th Gen 1335U - (16 GB/512 GB SSD/Windows 11 Home) NP750XFG-KA2IN Thin and Light Laptop  (15.6 Inch, Graphite, 1.58 Kg, With MS Office)","69,990","99,990",4.4,,Intel,Core i5,Yes,512 GB,16 GB,LPDDR4X,Intel Integrated Iris Xe,13th Gen,1335U,Max Turbo Frequency up to 4.6 GHz,,,,,,,,,,,,
"Infinix X2 Slim Series Intel Core i5 11th Gen 1155G7 - (16 GB/1 TB SSD/Windows 11 Home) XL23 Thin and Light Laptop  (14 inch, Green, 1.24 Kg)","36,990","69,990",4.2,,Intel,Core i5,Yes,1 TB,16 GB,LPDDR4X,Intel Integrated UHD,11th Gen,1155G7,2.5 GHz upto max turbo frequency at 4.5 Ghz,,,,,,,,,,,,
"ASUS Vivobook 15 Intel Core i3 11th Gen 1115G4 - (8 GB/256 GB SSD/Windows 11 Home) X1500EA-EJ311W Thin and Light Laptop  (15.6 Inch, Transparent Silver, 1.80 Kg)","28,990","44,990",4.2,,Intel,Core i3,Yes,256 GB,8 GB,DDR4,Intel Integrated UHD,11th Gen,1115G4,Max turbo frequency at 4.1 Ghz,,,,,,,,,,,,
"ASUS TUF Gaming F15 - AI Powered Gaming Intel Core i5 11th Gen 11260H - (16 GB/512 GB SSD/Windows 11 Home/4 GB Graphics/NVIDIA GeForce RTX 2050/70 TGP) FX506HF-HN076W Gaming Laptop  (15.6 Inch, Graphite Black, 2.30 kg)","52,990","80,990",4.3,GDDR6,Intel,Core i5,Yes,512 GB,16 GB,DDR4,NVIDIA GeForce RTX 2050,11th Gen,11260H,"Base Frequency 2.9 GHz, Max Turbo Boost at 4.4 GHz",12 MB,6,32,,2 TB,Mobile Intel HM570 Express,4,3200,4 GB,,,
"SAMSUNG Galaxy Book2 Pro EVO AMOLED Intel Core i5 12th Gen 1240P - (16 GB/512 GB SSD/Windows 11 Home) NP930XED-KB3IN Thin and Light Laptop  (13.3 Inch, Silver, 0.87 Kg, With MS Office)","69,990","1,29,990",4.5,,Intel,Core i5,Yes,512 GB,16 GB,DDR5,Intel Integrated Iris Xe,12th Gen,1240P,1.7 GHz to max turbo frequency at 4.4 GHz,,,,,,,,,,,,
"Lenovo IdeaPad Slim 3 Intel Core i3 11th Gen - (8 GB/256 GB SSD/Windows 11 Home) 15ITL6 Thin and Light Laptop  (39.62 cm, Arctic Grey, With MS Office)","30,990","49,190",4.2,,Intel,Core i3,Yes,256 GB,8 GB,DDR4,Intel Integrated UHD Graphics,11th Gen,,,,,16,,NA,,,,,,,
"Acer Aspire 7 (2023) Intel Core i5 12th Gen 12450H - (16 GB/512 GB SSD/Windows 11 Home/4 GB Graphics/NVIDIA GeForce RTX 3050/144 Hz) A715-76G Gaming Laptop  (15.6 Inch, Charcoal Black, 2.1 Kg)","57,990","84,999",4.2,GDDR6,Intel,Core i5,Yes,512 GB,16 GB,DDR4,NVIDIA GeForce RTX 3050,12th Gen,12450H,3.3 GHz upto max turbo frequency at 4.4 Ghz,,,,,,,,,4 GB,,,
"HP AMD Ryzen 3 Quad Core 5300U - (8 GB/512 GB SSD/Windows 11 Home) 15s-eq2143au Thin and Light Laptop  (15.6 inch, Natural Silver, 1.69 Kg, With MS Office)","32,610","47,147",4.2,,AMD,Ryzen 3 Quad Core,Yes,512 GB,8 GB,DDR4,AMD Radeon AMD,,5300U,2.6 GHz with Turbo Boost Upto 3.8 GHz,4,4,Yes,3200 MHz,,,,,,,,
"ASUS Vivobook 15X (2023) Intel Core i3 13th Gen 1315U - (8 GB/512 GB SSD/Windows 11 Home) K3504VAB-NJ322WS Thin and Light Laptop  (15.6 Inch, Cool Silver, 1.60 Kg, With MS Office)","39,980","58,990",4.1,,Intel,Core i3,Yes,512 GB,8 GB,DDR4,Intel Integrated UHD,13th Gen,1315U,Max Turbo Frequency up to 4.5 GHz,,,,,,,,,,,,
"ASUS TUF Gaming F15 - AI Powered Gaming Intel Core i5 11th Gen 11260H - (8 GB/512 GB SSD/Windows 11 Home/4 GB Graphics/NVIDIA GeForce RTX 2050/144 Hz/70 TGP) FX506HF-HN075W Gaming Laptop  (15.6 Inch, Graphite Black, 2.30 kg)","48,990","75,990",4.3,GDDR6,Intel,Core i5,Yes,512 GB,8 GB,DDR4,NVIDIA GeForce RTX 2050,11th Gen,11260H,"Base Frequency 2.9 GHz, Max Turbo Boost at 4.4 GHz",12 MB,6,32,,2 TB,Mobile Intel HM570 Express,4,3200,4 GB,,,
"Acer Aspire 3 Intel Core i3 12th Gen - (8 GB/512 GB SSD/Windows 11 Home) A315-59-329J Thin and Light Laptop  (15.6 inch, Pure Silver, 1.7 Kg, With MS Office)","33,999","48,999",4.2,,Intel,Core i3,Yes,512 GB,8 GB,DDR4,Intel Integrated UHD Graphics,12th Gen,,"Base Frequency 3.30 GHz, Max Turbo Boost Frequency Up to 4.40 GHz",,6,32,,,,2,,,,,
"Lenovo AMD Ryzen 7 Octa Core 7730U - (8 GB/512 GB SSD/Windows 11 Home) ThinkBook 15 G5 Thin and Light Laptop  (15.6 Inch, Mineral Grey, 1.70 Kg)","42,990","76,990",4.2,,AMD,Ryzen 7 Octa Core,Yes,512 GB,8 GB,DDR4,AMD Radeon AMD,,7730U,2.0 GHz with Turbo Boost Upto 4.5 GHz,,,,,,,,,,,,
"HP 250 G9 Intel Core i3 12th Gen Intel Core i3 1215U - (8 GB/512 GB SSD/Windows 11 Home) 250 G9 Business Laptop  (15.6 inch, Silver, 1.47 kg)","33,490","47,554",4.2,DDR4,Intel,Core i3,Yes,512 GB,8 GB,DDR4,NA,12th Gen,Intel Core i3 1215U,2.6 GHz,10 MB L3 cache,,,,NA,,,3200,,,,
"ASUS Vivobook Intel Core i3 12th Gen 1215U - (8 GB/512 GB SSD/Windows 11 Home) X1504ZA-NJ325WS Thin and Light Laptop  (15.6 Inch, Quiet Blue, 1.70 kg, With MS Office)","35,990","54,990",4.3,,Intel,Core i3,Yes,512 GB,8 GB,DDR4,Intel Integrated UHD,12th Gen,1215U,"Base Frequency 1.2 GHz, Max Turbo Boost at 4.4 GHz",10 MB,6,Upto 24 GB,3200 MHz,,,2,,,,,
"DELL Dell Inspiron 3520 Intel Core i3 11th Gen 1115G4 - (8 GB/512 GB SSD/Windows 11 Home) Inspiron 3520 Laptop Thin and Light Laptop  (15.6 Inch, Platinum Silver, 1.65 Kg, With MS Office)","36,290","51,575",4.3,,Intel,Core i3,Yes,512 GB,8 GB,DDR4,Intel Integrated UHD,11th Gen,1115G4,0.9 GHz upto max turbo frequency at 4.4 Ghz,,,,3200 MHz,,,,,,,,
"MSI GF63 Intel Core i5 11th Gen 11260H - (8 GB/512 GB SSD/Windows 11 Home/4 GB Graphics/NVIDIA GeForce GTX 1650/60 Hz) GF63 Thin 11SC-1494IN Gaming Laptop  (15.6 Inch, Black, 1.86 Kg)","41,990","67,990",4.2,GDDR6,Intel,Core i5,Yes,512 GB,8 GB,DDR4,NVIDIA GeForce GTX 1650,11th Gen,11260H,Max Turbo Frequency up to 4.4GHz,,,64 GB,,4 TB,,,,4 GB,,,
"HP 2023 AMD Ryzen 3 Dual Core 3250U - (8 GB/512 GB SSD/Windows 11 Home) 15s- eq1580AU Thin and Light Laptop  (15.6 Inch, Natural Silver, 1.69 Kg, With MS Office)","31,990","39,995",4.2,,AMD,Ryzen 3 Dual Core,Yes,512 GB,8 GB,DDR4,AMD Radeon AMD,,3250U,2.60 GHz up to 3.50 GHz,,,,,,,,,,,,
"DELL Inspiron 15 3520 Intel Core i5 12th Gen Core i5 - (16 GB/512 GB SSD/Windows 11 Home) Inspiron 3520 Laptop  (15.6 inch, Platinum Silver, 1.65 kg, With MS Office)","52,490","78,900",4,,Intel,Core i5,Yes,512 GB,16 GB,DDR4,Intel Integrated Intel UHD Graphics,12th Gen,Core i5,Up to 4.40 GHz Turbo,12 MB,10,,3200 MHz,,1235U,,,,,,
"HP Victus AMD Ryzen 5 Hexa Core 5600H - (8 GB/512 GB SSD/Windows 11 Home/4 GB Graphics/AMD Radeon RX 6500M) 15-fb0108AX Gaming Laptop  (15.6 Inch, Mica Silver, 2.37 Kg, With MS Office)","50,999","77,354",4.2,GDDR6,AMD,Ryzen 5 Hexa Core,Yes,512 GB,8 GB,DDR4,AMD Radeon RX 6500M,,5600H,3.3GHz Upto max turbo frequency at 4.2 GHz,,,,,,,,,4 GB,,,
"Acer Aspire Lite AMD Ryzen 5 Hexa Core 5500U - (16 GB/1 TB SSD/Windows 11 Home) AL15-41 Thin and Light Laptop  (15.6 Inch, Steel Grey, 1.59 Kg)","40,999","64,999",3.7,,AMD,Ryzen 5 Hexa Core,Yes,1 TB,16 GB,DDR4,AMD Radeon AMD,,5500U,up to 4.00 GHz,,,,,,,,,,,,
"ASUS Vivobook 15 Intel Core i3 11th Gen 1115G4 - (16 GB/512 GB SSD/Windows 11 Home) X515EA-EJ342WS Thin and Light Laptop  (15.6 Inch, Transparent Silver, 1.80 Kg, With MS Office)","35,990","49,990",4.3,,Intel,Core i3,Yes,512 GB,16 GB,DDR4,Intel Integrated UHD,11th Gen,1115G4,1.70 GHz up to 4.10 GHz,,,16,,2 TB,,,,,,,
"Lenovo V15 Intel Core i3 12th Gen 1215U - (8 GB/512 GB SSD/Windows 11 Home) V15 G3 IAP Thin and Light Laptop  (15.6 Inch, Iron Grey, 1.7 Kg)","32,990","59,000",4.2,,Intel,Core i3,Yes,512 GB,8 GB,DDR4,Intel Integrated UHD,12th Gen,1215U,0.9 GHz upto max turbo frequency at 4.40 Ghz,,,,,,,,,,,,
"walker Intel Celeron Dual Core N4020 - (4 GB/128 GB SSD/Windows 11 Home) NU14A1 Thin and Light Laptop  (14.1 inch, Cloud Silver, 1.3 Kg)","12,990","30,000",3.8,,Intel,Celeron Dual Core,Yes,128 GB,4 GB,LPDDR4,Intel Integrated UHD 600,,N4020,Max Frequency Up to 2.8 GHz,,,,,,,,,,,,
"HP Laptop Intel Core i5 12th Gen 1235U - (8 GB/512 GB SSD/Windows 11 Home) 15s-fq5329TU Thin and Light Laptop  (15.6 Inch, Natural Silver, 1.69 kg, With MS Office)","47,990","62,963",NA,,Intel,Core i5,Yes,512 GB,8 GB,DDR4,Intel Integrated Iris Xe,12th Gen,1235U,Upto 4.4 GHz,12 MB,10,16 GB,,,,2,,,,,
"HP 360 Intel Celeron Quad Core N4120 - (4 GB/64 GB EMMC Storage/Chrome OS) 14a-ca0504TU Chromebook  (14 Inch, Forest Teal, 1.49 Kg)","21,990","31,156",4,,Intel,Celeron Quad Core,No,,4 GB,LPDDR4,Intel Integrated UHD Graphics,,N4120,2.8,4,2,,2400 MHz,,,,,,,64 GB,
"Acer Aspire 3 Intel Core i3 12th Gen 1215U - (8 GB/512 GB SSD/Windows 11 Home) A315-59-36HE Thin and Light Laptop  (15.6 inch, Pure Silver, 1.7 Kg)","30,990","44,100",4.5,,Intel,Core i3,Yes,512 GB,8 GB,DDR4,Intel Integrated UHD,12th Gen,1215U,"3.3 GHz, Up to Max Turbo Frequency at 4.4 GHz",,,,,,,,,,,,
"MSI Modern 14 AMD Ryzen 5 Hexa Core 7530U - (8 GB/512 GB SSD/Windows 11 Home) Modern 14 C7M-063IN Thin and Light Laptop  (14 Inch, Urban Silver, 1.4 Kg)","34,990","61,990",4.3,,AMD,Ryzen 5 Hexa Core,Yes,512 GB,8 GB,DDR4,AMD Radeon AMD,,7530U,2.0 GHz upto max turbo frequency at 4.5 Ghz,,,,,,,,,,,,
"HP 255 G9 AMD Athlon Dual Core AMD Athlon Silver-3050U - (4 GB/256 GB SSD/DOS) 255 G9 Thin and Light Laptop  (15.6 inch, Black, 1.47 kg)","19,999","27,063",3.9,DDR4,AMD,Athlon Dual Core,Yes,256 GB,4 GB,DDR4,NA,,AMD Athlon Silver-3050U,2.1 GHz base clock,4 MB L3 cache 2 Cores,2,,2400 MHz,,,,2400,,,,
"ASUS Vivobook 15 Intel Core i3 11th Gen 1115G4 - (8 GB/512 GB SSD/Windows 11 Home) X515EA-EJ322WS | X515EA-EJ328WS | X1500EA-EJ3379WS Thin and Light Laptop  (15.6 Inch, Transparent Silver, 1.80 kg, With MS Office)","31,990","49,990",4.3,,Intel,Core i3,Yes,512 GB,8 GB,DDR4,Intel Integrated UHD,11th Gen,1115G4,3.0 GHz up to max turbo frequency at 4.1 GHz,6,2,16,,2 TB,,,,,,,
"HP Victus Intel Core i5 12th Gen 12450H - (8 GB/512 GB SSD/Windows 11 Home/4 GB Graphics/NVIDIA GeForce RTX 2050/50 TGP) 15-fa1132TX Gaming Laptop  (15.6 inch, Performance Blue, 2.37 Kg, With MS Office)","59,990","77,566",4.4,GDDR6,Intel,Core i5,Yes,512 GB,8 GB,DDR4,NVIDIA GeForce RTX 2050,12th Gen,12450H,Max turbo frequency at 4.4 Ghz,,,,,,,,,4 GB,,,
"Acer Aspire 3 AMD Ryzen 3 Quad Core 7320U - (8 GB/256 GB SSD/Windows 11 Home) A315-24P-R7HM Thin and Light Laptop  (15.6 Inch, Pure Silver, 1.78 Kg)","32,990","42,999",4.2,,AMD,Ryzen 3 Quad Core,Yes,256 GB,8 GB,LPDDR5,AMD Radeon AMD,,7320U,2.4 GHz upto max turbo frequency at 4.1 Ghz,,,,,,,,,,,,
"ASUS Vivobook 15 Intel Core i3 12th Gen i3-1220P - (8 GB/512 GB SSD/Windows 11 Home) X1502ZA-EJ385WS Thin and Light Laptop  (15.6 inch, Quiet Blue, 1.7 kg, With MS Office)","40,790","54,990",4.3,,Intel,Core i3,Yes,512 GB,8 GB,DDR4,Intel Integrated UHD,12th Gen,i3-1220P,1.5 Ghz. Turbo Upto 4.4 Ghz.,12 MB,10,24 GB,3200 MHz,2 TB,,SO-DIMM x 1 slot,,,,,
"DELL Intel Core i5 12th Gen 1235U - (8 GB/512 GB SSD/Windows 11 Home) New Inspiron 15 Laptop Thin and Light Laptop  (15.6 Inch, Carbon Black, 1.65 Kg, With MS Office)","45,999","68,790",4.3,,Intel,Core i5,Yes,512 GB,8 GB,DDR4,Intel Integrated UHD,12th Gen,1235U,"Base Frequency 3.30 GHz, Max Turbo Boost Frequency Up to 4.40 GHz",,10,,,,,,,,,,
"Lenovo IdeaPad Gaming 3 AMD Ryzen 5 Quad Core 5500H - (8 GB/512 GB SSD/Windows 11 Home/4 GB Graphics/NVIDIA GeForce RTX 2050) 15ACH6 Gaming Laptop  (39.62 cm, Shadow Black, 2.25 Kg)","46,490","75,290",4.2,GDDR6,AMD,Ryzen 5 Quad Core,Yes,512 GB,8 GB,DDR4,NVIDIA GeForce RTX 2050,,5500H,Max Turbo Frequency upto 4.2 GHz,,,,,,,,,4 GB,,,
"Lenovo IdeaPad Slim 1 AMD Ryzen 5 Hexa Core 5500U - (16 GB/512 GB SSD/Windows 11 Home) 15ALC7 Thin and Light Laptop  (15.6 Inch, Cloud Grey, 1.65 kg, With MS Office)","40,990","58,390",4.2,,AMD,Ryzen 5 Hexa Core,Yes,512 GB,16 GB,DDR4,AMD Radeon AMD,,5500U,"Base Frequency 2.1 GHz, Max Turbo Boost at 4.0 GHz",3 MB,6,NA,3200 MHz,NA,AMD SoC Platform,,3200,,,,
"Lenovo IdeaPad Slim 3 AMD Ryzen 7 Octa Core 5700U - (16 GB/512 GB SSD/Windows 11 Home) 15ALC6 Thin and Light Laptop  (15.6 Inch, Arctic Grey, 1.65 Kg, With MS Office)","48,990","76,390",4.2,,AMD,Ryzen 7 Octa Core,Yes,512 GB,16 GB,DDR4,AMD Radeon AMD,,5700U,1.80 GHz up to 4.30 GHz,,,16,,NA,,,,,,,
"Lenovo LOQ Intel Core i5 12th Gen 12450H - (16 GB/512 GB SSD/Windows 11 Home/4 GB Graphics/NVIDIA GeForce RTX 2050) LOQ 15IRH8D1 Gaming Laptop  (15.6 inch, Storm Grey, 2.4 Kg, With MS Office)","59,990","94,790",4.2,GDDR6,Intel,Core i5,Yes,512 GB,16 GB,DDR5,NVIDIA GeForce RTX 2050,12th Gen,12450H,3.3 GHz upto max turbo frequency at 4.4 Ghz,,,,,,,,,4 GB,,,
"Lenovo ThinkBook 15 G5 AMD Ryzen 5 Hexa Core 7530U - (8 GB/512 GB SSD/Windows 11 Home) Think Book 15 G5 ABP 2 Thin and Light Laptop  (15.6 Inch, Mineral Grey, 1.7 kg)","39,990","72,000",NA,,AMD,Ryzen 5 Hexa Core,Yes,512 GB,8 GB,DDR4,AMD Radeon AMD,,7530U,2.0 GHz with Turbo Boost Upto 4.5 GHz,19 MB,6,16 GB,3200 MHz,,AMD SoC (System on Chip) platform,1,,,,,
"HP 255 G9 840T7PA AMD Athlon Dual Core 3050U - (4 GB/256 GB SSD/DOS) 255 G8 Thin and Light Laptop  (15.6 Inch, Jet Black, 2.5 Kg)","19,999","27,057",3.9,,AMD,Athlon Dual Core,Yes,256 GB,4 GB,DDR4,NA,,3050U,"Base Frequency 2.3 GHz, Max Turbo Frequency Upto 3.2GHz",,2,,,,,,,,,,
"Acer TravelMate P2 Intel Core i7 11th Gen 1165G7 - (16 GB/1 TB SSD/Windows 11 Home) TMP214-53 Thin and Light Laptop  (14 inch, Black, 1.6 Kg)","47,990","99,000",3.6,,Intel,Core i7,Yes,1 TB,16 GB,DDR4,Intel Integrated Iris Xe,11th Gen,1165G7,2.8 GHz with Turbo Boost Upto 4.7 GHz,,,,,,,,,,,,
"Lenovo IdeaPad Slim 5 OLED Intel Core Ultra 5 125H - (16 GB/1 TB SSD/Windows 11 Home) 14IMH9 Laptop  (14 Inch, Cloud Grey, 1.46 Kg, With MS Office)","76,990","1,01,090",4.7,,Intel,Core Ultra 5,Yes,1 TB,16 GB,LPDDR5X,Intel Integrated Arc,,125H,Max Turbo up to 4.5Ghz,,,,,,,,,,,,
"MSI Katana 17 Intel Core i7 12th Gen 12650H - (16 GB/1 TB SSD/Windows 11 Home/8 GB Graphics/NVIDIA GeForce RTX 4070/240 Hz) Katana 17 B12VGK-672IN Gaming Laptop  (17.3 Inch, Black, 2.6 Kg)","1,34,990","1,72,990",4.8,GDDR6,Intel,Core i7,Yes,1 TB,16 GB,DDR5,NVIDIA GeForce RTX 4070,12th Gen,12650H,Max Turbo Frequency up to 4.7GHz,,,64 GB,,4 TB,,,,8 GB,,,
"HP Victus Intel Core i5 12th Gen 12450H - (16 GB/512 GB SSD/Windows 11 Home/4 GB Graphics/NVIDIA GeForce RTX 3050) 15-fa0666TX Gaming Laptop  (15.6 Inch, Performance Blue, 2.37 Kg, With MS Office)","66,990","86,343",4.2,GDDR6,Intel,Core i5,Yes,512 GB,16 GB,DDR4,NVIDIA GeForce RTX 3050,12th Gen,12450H,3.3 GHz upto max turbo frequency at 4.4 Ghz,,,,,,,,,4 GB,,,
"Acer Predator Neo (2023) Intel Core i7 13th Gen 13700HX - (16 GB/1 TB SSD/Windows 11 Home/6 GB Graphics/NVIDIA GeForce RTX 4050) PHN16-71-757P Gaming Laptop  (16 Inch, Obsidian Black, 2.6 Kg)","1,12,990","1,44,999",4.5,GDDR6,Intel,Core i7,Yes,1 TB,16 GB,DDR5,NVIDIA GeForce RTX 4050,13th Gen,13700HX,1.50 GHz up to 5.00 GHz,,,,,,,,,6 GB,,,
"HP AMD Ryzen 5 Hexa Core 5500U - (8 GB/512 GB SSD/Windows 11 Home) 15s- eq2223AU Thin and Light Laptop  (15.6 Inch, Natural Silver, 1.69 Kg, With MS Office)","40,990","49,631",4.3,,AMD,Ryzen 5 Hexa Core,Yes,512 GB,8 GB,DDR4,AMD Radeon AMD,,5500U,2.1GHz upto 4.0GHz,8 MB,6,,,,,,,,,,
"Apple 2022 MacBook AIR Apple M2 - (8 GB/256 GB SSD/Mac OS Monterey) MLY13HN/A  (13.6 Inch, Starlight, 1.24 kg)","94,990","1,14,900",4.7,,Apple,M2,Yes,256 GB,8 GB,Unified Memory,NA,,Apple M2 Chip,,,8,,,,,,,,,,
"Lenovo IdeaPad Slim 5 Intel Core Ultra 5 125H - (16 GB/1 TB SSD/Windows 11 Home) 16IMH9 Laptop  (16 inch, Cloud Grey, 1.89 Kg, With MS Office)","75,990","1,11,190",4.7,,Intel,Core Ultra 5,Yes,1 TB,16 GB,LPDDR5X,Intel Integrated Arc,,125H,700 MHz upto max turbo frequency at 4.5 Ghz,,,,,,,,,,,,
"Acer Aspire 7 (2023) Intel Core i5 12th Gen 12450H - (8 GB/512 GB SSD/Windows 11 Home/4 GB Graphics/NVIDIA GeForce GTX 1650/144 Hz) A715-76G-59U9 Gaming Laptop  (15.6 Inch, Black, 2.1 Kg)","51,999","82,990",4.3,GDDR6,Intel,Core i5,Yes,512 GB,8 GB,DDR4,NVIDIA GeForce GTX 1650,12th Gen,12450H,3.30GHz Upto 4.40GHz,,,Upto 32 GB,,,,2,,4 GB,,,
"HP Pavilion Intel Core i5 12th Gen 1235U - (16 GB/512 GB SSD/Windows 11 Home) 14-dv2014TU Thin and Light Laptop  (14 inch, Natural Silver, 1.41 Kg, With MS Office)","63,990","73,688",4.3,,Intel,Core i5,Yes,512 GB,16 GB,DDR4,Intel Integrated UHD Graphics,12th Gen,1235U,Upto 4.4 GHz,12,10,,3200 MHz,,,,,,,,
"Infinix Inbook Y2 Plus Intel Core i3 11th Gen 1115G4 - (8 GB/512 GB SSD/Windows 11 Home) XL29 Thin and Light Laptop  (15.6 inch, Grey, 1.8 kg)","25,490","39,990",4.1,,Intel,Core i3,Yes,512 GB,8 GB,LPDDR4X,Intel Integrated UHD,11th Gen,1115G4,"Base Frequency 1.7 GHz, Max Turbo Boost at 4.1 GHz",6 MB,2,,3733 MHz,,,,,,,,
"DELL Intel Core i3 12th Gen 1215U - (8 GB/512 GB SSD/16 GB EMMC Storage/Windows 11 Home) Vostro 3420 Business Laptop  (13.78 inch, Titan Grey, 1.49 Kg, With MS Office)","34,990","63,295",3.8,,Intel,Core i3,Yes,512 GB,8 GB,DDR4,Intel Integrated UHD,12th Gen,1215U,0.9 GHz upto max turbo frequency at 4.4 Ghz,,,,,,,,,,,16 GB,
"DELL Inspiron Intel Core i3 12th Gen 1215U - (8 GB/512 GB SSD/Windows 11 Home) Inspiron 3520 Thin and Light Laptop  (15.6 Inch, Platinum Silver, 1.63 kg, With MS Office)","36,999","51,999",4.7,,Intel,Core i3,Yes,512 GB,8 GB,DDR4,Intel Integrated Integrated,12th Gen,1215U,Upto 4.40 GHz,10 MB,6,16 GB,2666 MHz,,,,,,,,
"Lenovo V14 G3 (82TSA01KIH) Intel Core i3 12th Gen 1213U - (8 GB/512 GB SSD/DOS) V14 Laptop  (14 inch, Iron Grey, 1.57 kg)","28,700","45,999",4.1,,Intel,Core i3,Yes,512 GB,8 GB,DDR4,Intel Integrated INTEL UHD,12th Gen,1213U,,,,,,,INTEL,,,,,,
"Infinix Inbook Y1 Plus Intel Core i5 10th Gen 1035G1 - (8 GB/512 GB SSD/Windows 11 Home) XL28 Thin and Light Laptop  (15.6 inch, Silver, 1.76 kg)","59,990",N/A,4.4,,Intel,Core i5,Yes,512 GB,8 GB,LPDDR4X,Intel Integrated UHD,10th Gen,1035G1,Max Turbo Frequency up to 3.6 GHz,,,,,,,,,,,,
"Lenovo IdeaPad Slim 3 Intel Core i3 12th Gen 1215U - (8 GB/512 GB SSD/Windows 11 Home) 15IAU7 Thin and Light Laptop  (15.6 Inch, Arctic Grey, 1.63 Kg, With MS Office)","35,990","58,890",4.2,,Intel,Core i3,Yes,512 GB,8 GB,DDR4,Intel Integrated UHD,12th Gen,1215U,0.9 GHz upto max turbo frequency at 4.4 Ghz,,,16GB,,NA,,,,,,,
"Acer Aspire 7 Intel Core i5 12th Gen 12450H - (16 GB/512 GB SSD/Windows 11 Home/4 GB Graphics/NVIDIA GeForce RTX 2050) A715-76G Gaming Laptop  (15.6 Inch, Charcoal Black, 2.1 Kg)","54,990","78,999",4.2,GDDR6,Intel,Core i5,Yes,512 GB,16 GB,DDR4,NVIDIA GeForce RTX 2050,12th Gen,12450H,3.3 GHz upto max turbo frequency at 4.4 Ghz,,,,,,,,,4 GB,,,
"HP AMD Ryzen 5 Hexa Core 5500U - (16 GB/512 GB SSD/Windows 11 Home) 15s- eq2182AU Thin and Light Laptop  (15.6 Inch, Natural Silver, 1.69 Kg, With MS Office)","45,490","59,109",4.3,,AMD,Ryzen 5 Hexa Core,Yes,512 GB,16 GB,DDR4,AMD Radeon Radeon Graphics,,5500U,Up to 4.0 GHz max boost clock,8,6,,3200 MHz,,,2,,,,,
"ASUS Vivobook Go 15 (2023) AMD Ryzen 3 Quad Core 7320U - (8 GB/512 GB SSD/Windows 11 Home) E1504FA-NJ321WS Thin and Light Laptop  (15.6 Inch, Cool Silver, 1.63 Kg, With MS Office)","33,990","50,990",4.2,,AMD,Ryzen 3 Quad Core,Yes,512 GB,8 GB,LPDDR5,AMD Radeon AMD,,7320U,2.4 GHz upto max turbo frequency at 4.1 Ghz,,,NA,,1 TB,,,,,,,
"MSI Modern 14 Intel Core i5 12th Gen 1235U - (16 GB/512 GB SSD/Windows 11 Home) Modern 14 C12M-439IN Thin and Light Laptop  (14 Inch, Urban Silver, 1.4 Kg)","41,990","67,990",4.2,,Intel,Core i5,Yes,512 GB,16 GB,DDR4,Intel Integrated Iris Xe,12th Gen,1235U,"Base Frequency 3.30 GHz, Max Turbo Boost Frequency Up to 4.40 GHz",,,,,,,,,,,,
"Infinix X3 Slim Intel Intel Core i5 12th Gen 1235U - (16 GB/512 GB SSD/Windows 11 Home) XL422 Thin and Light Laptop  (14 Inch, Grey, 1.24 Kg)","36,990","64,990",4.1,,Intel,Core i5,Yes,512 GB,16 GB,LPDDR4X,Intel Integrated Iris Xe,12th Gen,1235U,1.3 GHz with Turbo Boost Upto 4.4 GHz,,,,,,,,,,,,
"CHUWI Intel Celeron Dual Core 10th Gen N4020 - (4 GB/128 GB SSD/Windows 11 Home) HeroBook Air Laptop  (11.6 inch, Grey, 0.91 kg)","12,990","34,990",3.7,DDR4,Intel,Celeron Dual Core,Yes,128 GB,4 GB,LPDDR4,Intel Integrated Intel UHD Graphics,10th Gen,N4020,2.8GHz,4 MB,2,,,,,,,,,,
"ZEBRONICS Pro Series Y Intel Core i5 11th Gen 1155G7 - (16 GB/512 GB SSD/Windows 11 Home) ZEB-NBC 2S Thin and Light Laptop  (15.6 inch, Silver, 1.65 kg)","29,990","51,999",3.9,DDR4,Intel,Core i5,Yes,512 GB,16 GB,LPDDR4X,Intel Integrated UHD,11th Gen,1155G7,2.50GHz with Turbo boost upto 4.5GHz,8 MB,4,NA,3200 MHz,,,NA,,,,,
"Lenovo V15 AMD Ryzen 3 Hexa Core 5300U - (8 GB/512 GB SSD/Windows 11 Home) V15 G2 ALC Thin and Light Laptop  (15.6 Inch, Iron Grey, 1.7 Kg)","27,890","55,000",4.1,,AMD,Ryzen 3 Hexa Core,Yes,512 GB,8 GB,DDR4,AMD Radeon AMD,,5300U,2.6 GHz with Turbo Boost Upto 3.8 GHz,,,,,,,,,,,,
"CHUWI Intel Celeron Dual Core 11th Gen N4020 - (8 GB/256 GB SSD/Windows 11 Home) HeroBook Plus Laptop  (15.6 Inch, Grey, 1.74 kg)","19,990","39,990",3.7,DDR5,Intel,Celeron Dual Core,Yes,256 GB,8 GB,DDR4,Intel Integrated UHD,11th Gen,N4020,1.10 GHz Upto 2.80 GHz,,2,,,,,,,,,,
"ASUS TUF Gaming F15 Intel Core i5 12th Gen 12500H - (16 GB/512 GB SSD/Windows 11 Home/4 GB Graphics/NVIDIA GeForce RTX 3050) FX507ZC4-HN116W Gaming Laptop  (15.6 Inch, Mecha Gray, 2.20 Kg)","72,990","1,03,990",4.5,GDDR6,Intel,Core i5,Yes,512 GB,16 GB,DDR4,NVIDIA GeForce RTX 3050,12th Gen,12500H,2.5 GHz with Max Turbo Boost Frequency Up to 4.50 GHz,,,32,,2 TB,,,,4 GB,,,
"ASUS TUF Gaming F15 (2023) with 90WHr Battery Intel H-Series Intel Core i7 13th Gen 13700H - (16 GB/512 GB SSD/Windows 11 Home/6 GB Graphics/NVIDIA GeForce RTX 4050/144 Hz/140 TGP) FX507VU-LP083WS Gaming Laptop  (15.6 Inch, Mecha Gray, 2.20 Kg, With MS Office)","1,09,990","1,55,990",4.5,GDDR6,Intel,Core i7,Yes,512 GB,16 GB,DDR4,NVIDIA GeForce RTX 4050,13th Gen,13700H,1.50 GHz up to 5.00 GHz,,,,,,,,,6 GB,,,
"DELL Inspiron Intel Core i5 12th Gen Core i5 - (8 GB/512 GB SSD/Windows 11 Home) 3520 Laptop  (15.6 inch, Platinum Silver, 1.25 kg, With MS Office)","48,990","67,384",4.2,,Intel,Core i5,Yes,512 GB,8 GB,DDR4,Intel Integrated Intel UHD Graphics,12th Gen,Core i5,Up to 4.40 GHz Turbo,,,,2666 MHz,,1235U,,,,,,
"DELL Inspiron Intel Core i5 12th Gen Core i5 - (8 GB/512 GB SSD/Windows 11 Home) 3520 Laptop  (15.6 inch, Platinum Silver, 1.25 kg, With MS Office)","48,990","67,384",4.2,,Intel,Core i5,Yes,512 GB,8 GB,DDR4,Intel Integrated Intel UHD Graphics,12th Gen,Core i5,Up to 4.40 GHz Turbo,,,,2666 MHz,,1235U,,,,,,
"Infinix X2 Slim Series Intel Core i5 11th Gen 1155G7 - (16 GB/1 TB SSD/Windows 11 Home) XL23 Thin and Light Laptop  (14 inch, Blue, 1.24 Kg)","36,990","69,990",4.2,,Intel,Core i5,Yes,1 TB,16 GB,LPDDR4X,Intel Integrated UHD,11th Gen,1155G7,2.5 GHz upto max turbo frequency at 4.5 Ghz,,,,,,,,,,,,
"SAMSUNG Galaxy Book3 Intel Core i5 13th Gen 1335U - (16 GB/512 GB SSD/Windows 11 Home) Galaxy Book3 Thin and Light Laptop  (15.6 Inch, Silver, 1.58 Kg, With MS Office)","65,990","99,990",4.4,,Intel,Core i5,Yes,512 GB,16 GB,LPDDR4X,Intel Integrated Iris Xe,13th Gen,1335U,Max Turbo Frequency up to 4.6 GHz,,,,,,,,,,,,
"Infinix X3 Slim Intel Intel Core i7 12th Gen 1255U - (16 GB/512 GB SSD/Windows 11 Home) XL422 Thin and Light Laptop  (14 Inch, Blue, 1.24 Kg)","43,990","69,990",4.4,,Intel,Core i7,Yes,512 GB,16 GB,LPDDR4X,Intel Integrated Iris Xe,12th Gen,1255U,1.7 GHz with Turbo Boost Upto 4.7 GHz,,,,,,,,,,,,
"HP AMD Ryzen 5 Hexa Core 5500U - (8 GB/512 GB SSD/Windows 11 Home) 14s-fq1092au Thin and Light Laptop  (14 inch, Natural Silver, 1.46 Kg, With MS Office)","42,980","55,691",4.3,,AMD,Ryzen 5 Hexa Core,Yes,512 GB,8 GB,DDR4,AMD Radeon AMD,,5500U,2.1 GHz with Max Turbo Boost Frequency Up to 4.0 GHz,8,6,Yes,3200 MHz,,,,,,,,
"ASUS Vivobook Pro 15 For Creator, AMD Ryzen 7 Octa Core 5800HS - (16 GB/512 GB SSD/Windows 11 Home/4 GB Graphics/NVIDIA GeForce RTX 2050/144 Hz/50 TGP) M6500QF-HN741WS Gaming Laptop  (15.6 Inch, Quiet Blue, 1.80 Kg, With MS Office)","60,990","90,990",4.3,GDDR6,AMD,Ryzen 7 Octa Core,Yes,512 GB,16 GB,DDR4,NVIDIA GeForce RTX 2050,,5800HS,3.2GHz Upto 4.4GHz,20 MB,8,,,,NA,,,4 GB,,,
"Infinix Y1 Plus Neo (2023) Intel Celeron Quad Core 11th Gen N5100 - (4 GB/128 GB SSD/Windows 11 Home) XL30 Thin and Light Laptop  (15.6 Inch, Grey, 1.76 Kg)","18,990","29,990",4.1,,Intel,Celeron Quad Core,Yes,128 GB,4 GB,LPDDR4X,Intel Integrated UHD,11th Gen,N5100,Max Frequency up to 2.8 GHz,,,,,,,,,,,,
"HP 15s (2023) AMD Ryzen 5 Quad Core 7520U - (16 GB/512 GB SSD/Windows 11 Home) 15-fc0030AU Thin and Light Laptop  (15.6 Inch, Natural Silver, 1.75 Kg, With MS Office)","47,900","60,248",4.3,,AMD,Ryzen 5 Quad Core,Yes,512 GB,16 GB,LPDDR5,AMD Radeon AMD,,7520U,2.8GHz Upto 4.3GHz,4 MB,4,,,,,,,,,,
"DELL Intel Core i3 12th Gen 1215U - (8 GB/512 GB SSD/Windows 11 Home) Vostro 3420 Thin and Light Laptop  (14 Inch, Carbon Black, 1.48 Kg, With MS Office)","35,990","61,855",4.5,,Intel,Core i3,Yes,512 GB,8 GB,DDR4,Intel Integrated Iris Xe,12th Gen,1215U,0.9 GHz upto max turbo frequency at 4.4 Ghz,,6,,,,,,,,,,
"ASUS Vivobook Go 14 (2023) AMD Ryzen 3 Quad Core 7320U - (8 GB/512 GB SSD/Windows 11 Home) E1404FA-NK322WS Thin and Light Laptop  (14 Inch, Mixed Black, 1.38 Kg, With MS Office)","34,390","50,990",4.5,,AMD,Ryzen 3 Quad Core,Yes,512 GB,8 GB,LPDDR5,AMD Radeon AMD,,7320U,2.4 GHz upto max turbo frequency at 4.1 Ghz,,,,,,,,,,,,
"HP Victus Intel Core i5 12th Gen 12450H - (16 GB/1 TB SSD/Windows 11 Home/4 GB Graphics/NVIDIA GeForce RTX 2050/50 TGP) 15-FA1145TX Gaming Laptop  (15.6 inch, Performance Blue, 2.37 Kg, With MS Office)","69,300","84,838",4.1,GDDR6,Intel,Core i5,Yes,1 TB,16 GB,DDR4,NVIDIA GeForce RTX 2050,12th Gen,12450H,Max turbo frequency at 4.4 Ghz,,,,,,,,,4 GB,,,
"Infinix X2 Slim Series Intel Core i5 11th Gen 1155G7 - (8 GB/512 GB SSD/Windows 11 Home) XL23 Thin and Light Laptop  (14 inch, Blue, 1.24 Kg)","32,990","59,990",NA,,Intel,Core i5,Yes,512 GB,8 GB,LPDDR4X,Intel Integrated UHD,11th Gen,1155G7,2.5 GHz upto max turbo frequency at 4.5 Ghz,,,,,,,,,,,,
"Infinix Inbook Y2 Plus Intel Core i5 11th Gen 1155G7 - (16 GB/512 GB SSD/Windows 11 Home) XL29 Thin and Light Laptop  (15.6 inch, Grey, 1.8 kg)","32,990","54,990",4.1,,Intel,Core i5,Yes,512 GB,16 GB,LPDDR4X,Intel Integrated UHD,11th Gen,1155G7,"Base Frequency 1.0 GHz, Max Turbo Boost at 4.5 GHz",8 MB,4,,4267 MHz,,,,,,,,
"Infinix INBook Y1 Plus Intel Intel Core i3 10th Gen 1005G1 - (8 GB/256 GB SSD/Windows 11 Home) XL28 Thin and Light Laptop  (15.6 inch, Grey, 1.76 kg)","29,990","44,990",4.2,,Intel,Core i3,Yes,256 GB,8 GB,LPDDR4X,Intel Integrated UHD,10th Gen,1005G1,"Base Frequency 1.2 GHz, Max Turbo Frequency at 3.4 GHz",4MB,2,,,,Intel Core i3,,,,,,
"Lenovo LOQ Intel Core i7 13th Gen 13620H - (16 GB/512 GB SSD/Windows 11 Home/8 GB Graphics/NVIDIA GeForce RTX 4060) 15IRH8 Gaming Laptop  (15.6 Inch, Storm Grey, 2.4 kg, With MS Office)","1,04,990","1,53,890",4.2,GDDR6,Intel,Core i7,Yes,512 GB,16 GB,DDR5,NVIDIA GeForce RTX 4060,13th Gen,13620H,"Base Frequency 2.4 GHz, Max Turbo Boost at 4.9 GHz",24 MB,10,16 GB,,,Intel SoC Platform,2,5200,8 GB,,,
"Infinix Y4 Max Series Intel Core i5 13th Gen 1335U - (16 GB/512 GB SSD/Windows 11 Home) YL613 Thin and Light Laptop  (16 inch, Blue, 1.78 kg)","43,990","64,990",4.3,,Intel,Core i5,Yes,512 GB,16 GB,LPDDR4X,Intel Integrated Iris Xe,13th Gen,1335U,1.3GHz Upto 4.6GHz,12 MB,10,,6400 MHz,,Intel Core i5,,,,,,
"realme Book Prime Intel Core i5 11th Gen 11320H - (8 GB/512 GB SSD/Windows 11 Home) CloudPro002 Thin and Light Laptop  (14 Inch, Blue, 1.47 Kg)","47,999","69,999",4.2,,Intel,Core i5,Yes,512 GB,8 GB,LPDDR4X,Intel Integrated Iris Xe,11th Gen,11320H,2.50 GHz up to 4.50 GHz,,,,,,,,,,,,
"MSI Cyborg 15 Intel Core i5 12th Gen i5-12450H - (16 GB/512 GB SSD/Windows 11 Home/4 GB Graphics/NVIDIA GeForce RTX 2050/144 Hz/45 W) Cyborg 15 A12UCX-264IN Gaming Laptop  (15.6 inch, Translucent Black, 1.98 kg)","59,990","89,990",NA,GDDR6,Intel,Core i5,Yes,512 GB,16 GB,DDR5,NVIDIA GeForce RTX 2050,12th Gen,i5-12450H,3.3GHz with Turbo Boost upto 4.40GHz,,8,Upto 64 GB,4800 MHz,,,2,,4 GB,,,
"ASUS Chromebook Intel Celeron Dual Core N4500 - (4 GB/128 GB EMMC Storage/Chrome OS) CX1500CKA-EJ0277 Chromebook  (15.6 Inch, Transparent Silver, 1.80 Kg)","16,990","32,990",3.8,,Intel,Celeron Dual Core,No,,4 GB,LPDDR4X,Intel Integrated UHD,,N4500,1.10 GHz with Max Turbo Boost Frequency Up to 2.80 GHz,,,,,,,,,,,128 GB,
"MSI Prestige 14 Intel EVO Intel Core i5 11th Gen 1135G7 - (16 GB/512 GB SSD/Windows 10 Home) Prestige 14Evo A11M-624IN Thin and Light Laptop  (14 inch, Carbon Gray, 1.29 kg)","62,990","95,990",4.6,,Intel,Core i5,Yes,512 GB,16 GB,LPDDR4X,Intel Integrated Iris Xe,11th Gen,1135G7,4.2 GHz,,,,,,,,,,,,
"Acer Intel Core i3 11th Gen - (8 GB/512 GB SSD/Windows 11 Home) Aspire Lite AL15-51 Thin and Light Laptop  (15.6 inch, Steel Gray)","32,990","45,000",4.3,,Intel,Core i3,Yes,512 GB,8 GB,DDR4,Intel Integrated Intel,11th Gen,,,,,,,,,,,,,,
"Lenovo IdeaPad Slim 3 Intel Intel Celeron Dual Core N4020 - (8 GB/256 GB SSD/Windows 11 Home) 15IGL05 Thin and Light Laptop  (15.6 Inch, Platinum Grey, 1.7 Kg, With MS Office)","25,890","43,000",4,,Intel,Celeron Dual Core,Yes,256 GB,8 GB,DDR4,Intel Integrated UHD,,N4020,Max Frequency Up to 2.8 GHz,4MB,,,,,,,,,,,
"Lenovo IdeaPad Slim 3 Intel Intel Celeron Dual Core N4020 - (8 GB/256 GB SSD/Windows 11 Home) 15IGL05 Thin and Light Laptop  (15.6 Inch, Grey, 1.7 Kg, With MS Office)","27,990","38,990",3.8,,Intel,Celeron Dual Core,Yes,256 GB,8 GB,DDR4,Intel Integrated UHD,,N4020,Max Frequency Up to 2.8 GHz,4MB,,,,,,,,,,,
"Lenovo IdeaPad Flex 5 Intel Core i3 13th Gen 1315U - (8 GB/512 GB SSD/Windows 11 Home) 14IRU8 2 in 1 Laptop  (14 Inch, Arctic Grey, 1.50 Kg, With MS Office)","59,190","86,290",4.5,,Intel,Core i3,Yes,512 GB,8 GB,LPDDR4X,Intel Integrated UHD,13th Gen,1315U,Max Turbo Frequency up to 4.5 GHz,,,,,,,,,,,,
"HP Intel Core i3 12th Gen 1215U - (16 GB/512 GB SSD/Windows 11 Home) 15s-fy5004TU Thin and Light Laptop  (15.6 Inch, Natural Silver, 1.69 Kg, With MS Office)","42,290","52,721",4.2,,Intel,Core i3,Yes,512 GB,16 GB,DDR4,Intel Integrated UHD,12th Gen,1215U,0.9 GHz upto max turbo frequency at 4.4 Ghz,,,,,,,,,,,,
"HP 15s (2023) AMD Ryzen 3 Quad Core 7320U - (8 GB/512 GB SSD/Windows 11 Home) 15-fc0026AU Thin and Light Laptop  (15.6 Inch, Natural Silver, 1.75 Kg, With MS Office)","35,490","45,438",4.2,,AMD,Ryzen 3 Quad Core,Yes,512 GB,8 GB,LPDDR5,AMD Radeon AMD,,7320U,2.4GHz Upto 4.1GHz,4 MB,4,,,,,,,,,,
"ASUS Vivobook 15 Intel Core i5 12th Gen 1235U - (8 GB/512 GB SSD/Windows 11 Home) X1502ZA-EJ515WS Thin and Light Laptop  (15.6 Inch, Icelight Silver, 1.7 Kg, With MS Office)","46,990","70,990",4.1,,Intel,Core i5,Yes,512 GB,8 GB,DDR4,Intel Integrated Iris Xe,12th Gen,1235U,1.3 GHz with Turbo Boost Upto 4.4 GHz,,,12,,1 TB,,,,,,,
"Lenovo V15 AMD Ryzen 3 Hexa Core 5300U - (8 GB/512 GB SSD/Windows 11 Home) V15 G2 ALC Thin and Light Laptop  (15.6 Inch, Iron Grey, 1.7 Kg)","27,649","55,000",4.1,,AMD,Ryzen 3 Hexa Core,Yes,512 GB,8 GB,DDR4,AMD Radeon AMD,,5300U,2.6 GHz with Turbo Boost Upto 3.8 GHz,,,,,,,,,,,,
"HP 14a Intel Celeron Dual Core N4500 - (4 GB/64 GB EMMC Storage/Chrome OS) 14a- na1004TU Chromebook  (14 Inch, Mineral Silver, 1.46 kg)","18,990","30,001",3.7,,Intel,Celeron Dual Core,No,,4 GB,LPDDR4,Intel Integrated UHD,,N4500,"Base Frequency 1.1 GHz, Max Turbo Boost Frequency Up to 2.8 GHz",4 MB,2,,,,,,,,,64 GB,
"HP Victus Intel Core i7 12th Gen 12650H - (16 GB/512 GB SSD/Windows 11 Home/6 GB Graphics/NVIDIA GeForce RTX 4050) 15-fa1134TX Gaming Laptop  (15.6 Inch, Mica Silver, 2.37 kg, With MS Office)","97,990","1,13,925",NA,GDDR6,Intel,Core i7,Yes,512 GB,16 GB,DDR4,NVIDIA GeForce RTX 4050,12th Gen,12650H,Upto 4.7 GHz,24 MB,10,16 GB,3200 MHz,,,2,3200,6 GB,,,
"HP Intel Intel Core i5 11th Gen 1155G7 - (8 GB/512 GB SSD/Windows 11 Home) 15s- fr4000TU Thin and Light Laptop  (15.6 Inch, Natural Silver, 1.69 Kg, With MS Office)","47,990","60,599",4.3,,Intel,Core i5,Yes,512 GB,8 GB,DDR4,Intel Integrated Iris Xe,11th Gen,1155G7,2.5 GHz upto max turbo frequency at 4.5 Ghz,8 MB,4,,,,,,,,,,
"ASUS Chromebook Intel Celeron Dual Core N4500 - (4 GB/128 GB EMMC Storage/Chrome OS) CX1500CKA-EJ0277 Chromebook  (15.6 Inch, Transparent Silver, 1.80 Kg)","16,990","32,990",3.8,,Intel,Celeron Dual Core,No,,4 GB,LPDDR4X,Intel Integrated UHD,,N4500,1.10 GHz with Max Turbo Boost Frequency Up to 2.80 GHz,,,,,,,,,,,128 GB,
"ASUS VivoBook 15 (2022) Intel Celeron Quad Core N4020 - (4 GB/256 GB SSD/Windows 11 Home) X515MA-BR011W Thin and Light Laptop  (15.6 inch, Transparent Silver, 1.80 kg)","21,990","33,990",4.1,,Intel,Celeron Quad Core,Yes,256 GB,4 GB,DDR4,Intel Integrated UHD,,N4020,1.1 GHz upto max turbo frequency at 2.8 Ghz,4,2,,,,,,,,,,
"HP Pavilion Plus Intel Core i5 13th Gen 1335U - (16 GB/512 GB SSD/Windows 11 Home) 14-ew0116TU Thin and Light Laptop  (14 Inch, Natural Silver, 1.44 Kg, With MS Office)","70,490","82,929",NA,,Intel,Core i5,Yes,512 GB,16 GB,LPDDR5X,Intel Integrated Iris Xe,13th Gen,1335U,Upto 4.6 GHz,12 MB,10,,6400 MHz,,,,,,,,
"Lenovo IdeaPad Gaming 3 Intel Core i5 12th Gen 12450H - (16 GB/512 GB SSD/Windows 11 Home/4 GB Graphics/NVIDIA GeForce RTX 3050) 15IAH7 Gaming Laptop  (15.6 inch, Onyx Grey, 2.315 kg, With MS Office)","67,990","94,690",4.3,GDDR6,Intel,Core i5,Yes,512 GB,16 GB,DDR4,NVIDIA GeForce RTX 3050,12th Gen,12450H,"Base Frequency 2.0 GHz, Max Turbo Boost at 4.4 GHz",12 MB,8,16 GB,,,Intel SoC Platform,2,3200,4 GB,,,
"HP x360 Pavilion with pen Intel Core i7 11th Gen 1195G7 - (16 GB/512 GB SSD/Windows 11 Home) 14-dy1047TU Thin and Light Laptop  (14 inch, Natural Silver, 1.52 kg, With MS Office)","66,699","99,533",3.5,,Intel,Core i7,Yes,512 GB,16 GB,DDR4,Intel Integrated Iris Xe Graphics,11th Gen,1195G7,2.9 GHz upto max turbo frequency at 5 GHz,12,4,,,,,,,,,,
"Acer Nitro 5 Intel Core i5 12th Gen 12450H - (16 GB/512 GB SSD/Windows 11 Home/4 GB Graphics/NVIDIA GeForce RTX 3050) AN515-58 Gaming Laptop  (15.6 inch, Obsidian Black, 2.5 kg)","67,990","90,999",4.3,GDDR6,Intel,Core i5,Yes,512 GB,16 GB,DDR4,NVIDIA GeForce RTX 3050,12th Gen,12450H,Max Turbo Frequency up to 4.40 GHz,8,12,,,,,,,4 GB,,,
"ASUS TUF Gaming F15 - AI Powered Gaming Intel Core i5 11th Gen 11400H - (8 GB/512 GB SSD/Windows 11 Home/4 GB Graphics/NVIDIA GeForce RTX 2050/144 Hz/70 TGP) FX506HF-HN024W Gaming Laptop  (15.6 Inch, Graphite Black, 2.30 kg)","49,990","74,990",4.4,GDDR6,Intel,Core i5,Yes,512 GB,8 GB,DDR4,NVIDIA GeForce RTX 2050,11th Gen,11400H,2.70GHz Upto 4.50GHz,12 MB,6,32 GB,,,,,,4 GB,,,
"DELL Inspiron Intel Core i5 12th Gen 1235U - (8 GB/512 GB SSD/Windows 11 Home) New Inspiron 15 Laptop Thin and Light Laptop  (15.6 Inch, Platinum Silver, 1.65 Kg, With MS Office)","47,999","69,797",4,,Intel,Core i5,Yes,512 GB,8 GB,DDR4,Intel Integrated Integrated,12th Gen,1235U,"Base Frequency 3.30 GHz, Max Turbo Boost Frequency Up to 5.0 GHz",12 MB,10,16 GB,2666 MHz,,,2,,,,,
"ASUS TUF Gaming F17 (2022) with 90Whr Battery Intel Core i5 12th Gen 12500H - (16 GB/512 GB SSD/Windows 11 Home/4 GB Graphics/NVIDIA GeForce RTX 3050/144 Hz) FX777ZC-HX069W Gaming Laptop  (17.3 Inch, Jaeger Grey, 2.60 Kg)","94,990","1,13,990",4.4,GDDR6,Intel,Core i5,Yes,512 GB,16 GB,DDR5,NVIDIA GeForce RTX 3050,12th Gen,12500H,4.5,18,12,32,4800 MHz,,,,,4 GB,,,
"ASUS Chromebook Plus (2023) Intel Core i3 12th Gen 1215U - (8 GB/128 GB EMMC Storage/Chrome OS) CX3402CBA-PQ0173 Chromebook  (14 Inch, Rock Grey, 1.44 Kg)","34,990","55,990",NA,,Intel,Core i3,No,,8 GB,LPDDR5,Intel Integrated UHD,12th Gen,1215U,0.9 GHz upto max turbo frequency at 4.4 Ghz,,,,,,,,,,,128 GB,
"Lenovo S14 Intel Core i5 12th Gen 1235U - (8 GB/512 GB SSD/Windows 11 Pro) S14 GEN-3 Business Laptop  (14 inch, Iron Grey, 1.5 kg, With MS Office)","46,990","99,999",4.1,,Intel,Core i5,Yes,512 GB,8 GB,DDR4,Intel Integrated INTEL,12th Gen,1235U,4.40GHZ,,,YES,3200 MHz,,INTEL,2,,,,,
"HP Victus AMD Ryzen 5 Hexa Core 5600H - (8 GB/512 GB SSD/Windows 11 Home/4 GB Graphics/NVIDIA GeForce GTX 1650) 15-fb0121AX Gaming Laptop  (15.6 Inch, Silver, 2.37 Kg)","50,499","61,012",4.4,GDDR6,AMD,Ryzen 5 Hexa Core,Yes,512 GB,8 GB,DDR4,NVIDIA GeForce GTX 1650,,5600H,3.3GHz Upto 4.2GHz,16 MB,6,16 GB,,,,,,4 GB,,,
"MSI Katana 15 Intel Core i7 12th Gen 12650H - (16 GB/1 TB SSD/Windows 11 Home/6 GB Graphics/NVIDIA GeForce RTX 4050/144 Hz) Katana 15 B12VEK-400IN Gaming Laptop  (15.6 Inch, Black, 2.25 Kg)","94,990","1,39,990",4.5,GDDR6,Intel,Core i7,Yes,1 TB,16 GB,DDR5,NVIDIA GeForce RTX 4050,12th Gen,12650H,Max Turbo Frequency up to 4.70 GHz,,,64 GB,,4 TB,,,,6 GB,,,
"DELL Inspiron 3511 Intel Core i5 11th Gen - (8 GB/512 GB SSD/Windows 11 Home) D560745WIN9B Laptop  (15.6 inch, Carbon Black, With MS Office)","42,990","69,226",4,,Intel,Core i5,Yes,512 GB,8 GB,DDR4,Intel Integrated,11th Gen,,,,,,,,,,,,,,
"ASUS ROG Strix SCAR 15 Intel Core i9 12th Gen 12900H - (32 GB/1 TB SSD/Windows 11 Home/16 GB Graphics/NVIDIA GeForce RTX 3080 Ti) G533ZXZ-LN116WS Gaming Laptop  (15.6 Inch, Off Black, 2.30 Kg)","1,84,999","3,62,000",NA,GDDR6,Intel,Core i9,Yes,1 TB,32 GB,DDR5,NVIDIA GeForce RTX 3080 Ti,12th Gen,12900H,2.5 GHz GHz with Max Turbo Boost Frequency Up to 5.00 GHz,24,,,,,,,,16 GB,,,
"HP Intel Core i5 12th Gen 1235U - (8 GB/512 GB SSD/Windows 11 Home) 15s-fq5202TU Thin and Light Laptop  (15.6 inch, Natural Silver, 1.69 Kg, With MS Office)","51,900","70,000",4.2,,Intel,Core i5,Yes,512 GB,8 GB,DDR4,Intel Integrated Iris Xe,12th Gen,1235U,1.3 GHz with Turbo Boost Upto 4.4 GHz,,,,,,,,,,,,
"Acer Nitro 5 (2023) AMD Ryzen 7 Octa Core 7735HS - (16 GB/512 GB SSD/Windows 11 Home/4 GB Graphics/NVIDIA GeForce RTX 3050) AN515-47-R093 Gaming Laptop  (15.6 Inch, Obsidian Black, 2.5 Kg)","69,990","1,08,999",4.5,GDDR6,AMD,Ryzen 7 Octa Core,Yes,512 GB,16 GB,DDR5,NVIDIA GeForce RTX 3050,,7735HS,3.2GHz Upto 4.75GHz,,,Upto 32 GB,,,,2,,4 GB,,,
"HP Victus AMD Ryzen 5 Hexa Core 5600H - (16 GB/512 GB SSD/Windows 11 Home/4 GB Graphics/AMD Radeon RX 6500M) 15-fb0150AX Gaming Laptop  (15.6 Inch, Performance Blue, 2.37 Kg, With MS Office)","52,490","68,900",4,GDDR6,AMD,Ryzen 5 Hexa Core,Yes,512 GB,16 GB,DDR4,AMD Radeon RX 6500M,,5600H,3.3GHz Upto max turbo frequency at 4.2 GHz,,,,,,,,,4 GB,,,
"Lenovo IdeaPad Slim 3 Intel Core i3 12th Gen 1215U - (8 GB/512 GB SSD/Windows 11 Home) 14IAU7 Thin and Light Laptop  (35.56 cm, Arctic Grey, 1.43 Kg, With MS Office)","37,900","67,832",4.1,,Intel,Core i3,Yes,512 GB,8 GB,DDR4,Intel Integrated UHD,12th Gen,1215U,0.9 GHz upto max turbo frequency at 4.4 Ghz,,,,,,,,,,,,
"ASUS Vivobook 14 Intel Core i3 11th Gen 1115G4 - (16 GB/512 GB SSD/Windows 11 Home) X415EA-EK344WS Thin and Light Laptop  (14 Inch, Transparent Silver, 1.60 kg, With MS Office)","35,990","59,990",4.3,,Intel,Core i3,Yes,512 GB,16 GB,DDR4,Intel Integrated UHD,11th Gen,1115G4,"Base Frequency 3.0 GHz, Max Turbo Boost at 4.1 GHz",6 MB,2,,,,,3,,,,,
"Lenovo AMD Ryzen 5 Quad Core - (8 GB/512 GB SSD/Windows 11 Home) V15 Laptop  (15.6 inch, Silver)","34,990","76,999",4.3,,AMD,Ryzen 5 Quad Core,Yes,512 GB,8 GB,LPDDR4,AMD Radeon AMD,,,,,,,,,,,,,,,
"Lenovo V15 AMD Ryzen 5 Hexa Core 5500U - (8 GB/512 GB SSD/Windows 11 Home) V15 Thin and Light Laptop  (15.6 Inch, Iron Grey, 1.7 Kg)","34,980","69,525",3.7,,AMD,Ryzen 5 Hexa Core,Yes,512 GB,8 GB,DDR4,AMD Radeon AMD,,5500U,2.1 GHz with Turbo Boost Upto 4.0 GHz,,,,,,,,,,,,
"HP Pavilion Intel Core i7 13th Gen 1360P - (16 GB/1 TB SSD/Windows 11 Home) 15-eg3036TU Thin and Light Laptop  (15.6 Inch, Natural Silver, 1.75 Kg, With MS Office)","89,900","1,02,900",4.3,,Intel,Core i7,Yes,1 TB,16 GB,DDR4,Intel Integrated Integrated,13th Gen,1360P,3.70GHz Upto 5.00GHz,18 MB,12,,,,,,,,,,
"DELL Intel Core i5 12th Gen 1235U - (16 GB/512 GB SSD/Windows 11 Home) Inspiron 3520 Thin and Light Laptop  (15.6 Inch, Platinum Silver, 1.65 Kg, With MS Office)","52,480","78,900",3.4,,Intel,Core i5,Yes,512 GB,16 GB,DDR4,Intel Integrated UHD,12th Gen,1235U,up to 4.40 GHz,,,,,,,,,,,,
"HP Intel Core i3 12th Gen 1215U - (8 GB/512 GB SSD/Windows 11 Home) 15s-fy5006TU Thin and Light Laptop  (15.6 Inch, Natural Silver, 1.69 kg, With MS Office)","35,999","50,297",4,,Intel,Core i3,Yes,512 GB,8 GB,DDR4,Intel Integrated UHD,12th Gen,1215U,Max Turbo Frequency up to 4.4GHz,,,,,,,,,,,,
"Infinix Inbook Y2 Plus Intel Core i3 11th Gen 1115G4 - (8 GB/512 GB SSD/Windows 11 Home) XL29 Thin and Light Laptop  (15.6 inch, Blue, 1.8 kg)","25,490","39,990",4.1,,Intel,Core i3,Yes,512 GB,8 GB,LPDDR4X,Intel Integrated UHD,11th Gen,1115G4,"Base Frequency 1.7 GHz, Max Turbo Boost at 4.1 GHz",6 MB,2,,3733 MHz,,,,,,,,
"ASUS Vivobook Go 15 OLED (2023) AMD Ryzen 5 Quad Core 7520U - (8 GB/512 GB SSD/Windows 11 Home) E1504FA-LK521WS Thin and Light Laptop  (15.6 Inch, Cool Silver, 1.63 Kg, With MS Office)","44,990","74,990",4.4,,AMD,Ryzen 5 Quad Core,Yes,512 GB,8 GB,LPDDR5,AMD Radeon AMD,,7520U,2.8 GHz upto max turbo frequency at 4.3 Ghz,,,,,,,,,,,,
"Infinix X2 Slim Intel Core i5 11th Gen 1155G7 - (16 GB/512 GB SSD/Windows 11 Home) XL23 Thin and Light Laptop  (14 inch, Blue, 1.24 kg)","32,990","37,430",4.1,,Intel,Core i5,Yes,512 GB,16 GB,LPDDR4X,Intel Integrated Iris Xe,11th Gen,1155G7,,,4,,,,Intel Core i5,1,,,,,
"HP 15s Intel Core i5 12th Gen - (8 GB/512 GB SSD/Windows 11 Home) 15S-FQ5202TU Thin and Light Laptop  (15.6 inch, Silver, With MS Office)","51,400","70,000",3.9,,Intel,Core i5,Yes,512 GB,8 GB,DDR4,Intel Integrated Intel Iris Xe Graphics,12th Gen,,,,,,,,,,,,,,
"Lenovo IdeaPad Gaming 3 AMD Ryzen 5 Hexa Core 7535HS - (16 GB/512 GB SSD/Windows 11 Home/4 GB Graphics/NVIDIA GeForce RTX 2050) 15ARH7 Gaming Laptop  (15.6 Inch, Onyx Grey, 2.32 Kg)","55,990","87,590",4.1,GDDR6,AMD,Ryzen 5 Hexa Core,Yes,512 GB,16 GB,DDR5,NVIDIA GeForce RTX 2050,,7535HS,Max Frequency Up to 4.55 GHz,,,,,,,,,4 GB,,,
"Lenovo ThinkPad E14 Intel Intel Core i5 12th Gen 1235U - (16 GB/1 TB SSD/Windows 11 Home) TP E14 Gen 4 Thin and Light Laptop  (14 Inch, Black, 1.59 Kg, With MS Office)","75,347","1,22,400",3.8,,Intel,Core i5,Yes,1 TB,16 GB,DDR4,Intel Integrated Iris Xe,12th Gen,1235U,1.3 GHz with Turbo Boost Upto 4.4 GHz,,,,,,,,,,,,
"Acer Nitro 5 Intel Core i7 12th Gen 12650H - (16 GB/512 GB SSD/Windows 11 Home/6 GB Graphics/NVIDIA GeForce RTX 4050/144 Hz) AN515-58-74GG Gaming Laptop  (15.6 Inch, Obsidian Black, 2.6 Kg)","89,999","1,23,999",4.5,GDDR6,Intel,Core i7,Yes,512 GB,16 GB,DDR5,NVIDIA GeForce RTX 4050,12th Gen,12650H,3.2 GHz upto max turbo frequency at 4.7 Ghz,,,,,,,,,6 GB,,,
"Lenovo IdeaPad Slim 3 Intel Core i5 12th Gen 12450H - (16 GB/512 GB SSD/Windows 11 Home) 15IAH8 Thin and Light Laptop  (15.6 Inch, Arctic Grey, 1.62 Kg, With MS Office)","54,990","77,490",NA,,Intel,Core i5,Yes,512 GB,16 GB,LPDDR5,Intel Integrated UHD,12th Gen,12450H,Max Turbo Frequency upto 4.4GHz,,,,,,,,,,,,
"Infinix INBook X1 Intel Core i3 10th Gen 1005G1 - (8 GB/256 GB SSD/Windows 11 Home) XL11 Thin and Light Laptop  (14 inch, Starfall Grey, 1.48 kg)","37,990","49,999",4.2,DDR4,Intel,Core i3,Yes,256 GB,8 GB,LPDDR4X,Intel Integrated UHD,10th Gen,1005G1,1.2 GHz Max Frequency Upto 3.4GHz,,2,,,,Intel Core i3,1,,,,,
"HP 2023 Intel Core i5 11th Gen 1155G7 - (16 GB/512 GB SSD/Windows 11 Home) 15s-fr4001TU Thin and Light Laptop  (15.6 Inch, Natural Silver, 1.69 Kg, With MS Office)","51,290","59,327",4.3,,Intel,Core i5,Yes,512 GB,16 GB,DDR4,Intel Integrated Integrated,11th Gen,1155G7,Upto 4.50GHz,8 MB,4,,,,,,,,,,
"Infinix Y1 Plus Neo (2023) Intel Celeron Quad Core 11th Gen N5100 - (4 GB/128 GB SSD/Windows 11 Home) XL30 Thin and Light Laptop  (15.6 Inch, Blue, 1.76 Kg)","18,990","29,990",4.1,,Intel,Celeron Quad Core,Yes,128 GB,4 GB,LPDDR4X,Intel Integrated UHD,11th Gen,N5100,Max Frequency up to 2.8 GHz,,,,,,,,,,,,
"Lenovo IdeaPad Slim 1 AMD Ryzen 3 Quad Core 7320U - (8 GB/512 GB SSD/Windows 11 Home) 15AMN7 Thin and Light Laptop  (15.6 inch, Cloud Grey, 1.58 Kg, With MS Office)","31,990","58,658",4.1,,AMD,Ryzen 3 Quad Core,Yes,512 GB,8 GB,LPDDR5,AMD Radeon AMD Radeon 610M Graphics,,7320U,2.4GHz Upto 4.1GHz,6 MB,4,NA,,NA,AMD SoC Platform,,,,,,
"DELL Inspiron 15 3520 Intel Core i5 12th Gen Core i5 - (8 GB/512 GB SSD/Windows 11 Home) D560885WIN9S Laptop  (15.6 inch, Platinum Silver, 1.65 kg, With MS Office)","47,999","69,797",3.4,DDR4,Intel,Core i5,Yes,512 GB,8 GB,DDR4,Intel Integrated Intel UHD Graphics,12th Gen,Core i5,Up to 4.40 GHz Turbo,12,,,3200 MHz,,1235U,,,,,,
"HP AMD Ryzen 5 Hexa Core 5500U - (8 GB/512 GB SSD/Windows 11 Home) 14s-fq1092au Thin and Light Laptop  (14 inch, Natural Silver, 1.46 Kg, With MS Office)","42,980","55,691",4.3,,AMD,Ryzen 5 Hexa Core,Yes,512 GB,8 GB,DDR4,AMD Radeon AMD,,5500U,2.1 GHz with Max Turbo Boost Frequency Up to 4.0 GHz,8,6,Yes,3200 MHz,,,,,,,,
"ASUS VivoBook 16X AMD Ryzen 7 Octa Core 5800HS - (16 GB/512 GB SSD/Windows 11 Home) M1603QA-MB711WS Thin and Light Laptop  (16 Inch, Quiet Blue, 1.80 Kg, With MS Office)","57,990","86,990",4.4,,AMD,Ryzen 7 Octa Core,Yes,512 GB,16 GB,DDR4,AMD Radeon Vega 7 Graphics,,5800HS,4.4,20,8,,,,,,,,,,
"SAMSUNG Galaxy Book3 Intel Core i7 13th Gen 1355U - (16 GB/512 GB SSD/Windows 11 Home) NP750XFG-KA3IN Thin and Light Laptop  (15.6 Inch, Graphite, 1.58 Kg, With MS Office)","81,990","1,12,990",4.5,,Intel,Core i7,Yes,512 GB,16 GB,LPDDR4X,Intel Integrated Iris Xe,13th Gen,1355U,Max Turbo Frequency up to 5.0 GHz,,,,,,,,,,,,
"ASUS Vivobook 15 Intel Core i5 12th Gen 12500H - (16 GB/512 GB SSD/Windows 11 Home) X1502ZA-EJ544WS Thin and Light Laptop  (15.6 inch, Icelight Silver, 1.7 kg, With MS Office)","53,990","76,990",3.8,,Intel,Core i5,Yes,512 GB,16 GB,DDR4,Intel Integrated Iris Xe,12th Gen,12500H,"Base Frequency 2.5 GHz, Max Turbo Boost at 4.5 GHz",18 MB,12,Expandable Upto 24 GB,3200 MHz,2 TB,,1x DDR4 SO-DIMM slot,,,,,
"ASUS Vivobook 16X AMD Ryzen 7 Octa Core 5800HS - (16 GB/512 GB SSD/Windows 11 Home) M1603QA-MB712WS Notebook  (16 inch, Transparent Silver, 1.8 kg, With MS Office)","55,200","86,990",4.2,,AMD,Ryzen 7 Octa Core,Yes,512 GB,16 GB,DDR4,AMD Radeon AMD Radeon Vega 7,,5800HS,3.2 Ghz. Turbo Upto 4.4 Ghz.,16 MB,8,,3200 MHz,,,,,,,,
"CHUWI Intel Core i3 10th Gen 1005G1 - (8 GB/512 GB SSD/Windows 11 Home) CoreBook X Grey Laptop  (14 inch, Grey, 1.40 kg)","24,990","49,990",4.1,,Intel,Core i3,Yes,512 GB,8 GB,DDR4,Intel Integrated Intel UHD Graphics,10th Gen,1005G1,1.2GHz,,2,,,,,,,,,,
"ASUS Vivobook S 14 Intel EVO H-Series Intel Core i5 12th Gen 12500H - (16 GB/512 GB SSD/Windows 11 Home) S3402ZA-LY542WS Thin and Light Laptop  (14 inch, Indie Black, 1.50 Kg)","61,990","86,990",4.3,,Intel,Core i5,Yes,512 GB,16 GB,DDR4,Intel Integrated Iris Xe,12th Gen,12500H,2.5 GHz with Max Turbo Boost Frequency Up to 4.50 GHz,,,16,,NA,,,,,,,
"ASUS Vivobook 14 Intel Core i3 11th Gen 1115G4 - (8 GB/512 GB SSD/Windows 11 Home) X415EA-EK326WS Thin and Light Laptop  (14 Inch, Silver, 1.60 kg, With MS Office)","31,990","49,990",4.2,,Intel,Core i3,Yes,512 GB,8 GB,DDR4,Intel Integrated UHD,11th Gen,1115G4,"Base Frequency 3.0 GHz, Max Turbo Boost at 4.1 GHz",6 MB,2,16,,2 TB,,3,,,,,
"HP Victus AMD Ryzen 7 Octa Core 5800H - (16 GB/512 GB SSD/Windows 11 Home/4 GB Graphics/NVIDIA GeForce RTX 3050) 15-fb0053AX Gaming Laptop  (15.6 Inch, Mica Silver, 2.37 Kg, With MS Office)","65,990","1,04,914",4.4,GDDR6,AMD,Ryzen 7 Octa Core,Yes,512 GB,16 GB,DDR4,NVIDIA GeForce RTX 3050,,5800H,3.2 GHz upto max turbo frequency at 4.4 Ghz,,8,,,,,,,4 GB,,,
"ASUS Intel Core i5 12th Gen - (16 GB/512 GB SSD/Windows 11 Home) X1502ZA-EJ544WS Laptop  (15.6 inch, Silver, With MS Office)","53,990","69,500",NA,DDR5,Intel,Core i5,Yes,512 GB,16 GB,DDR4,Intel Integrated Intel Iris Xe Graphics,12th Gen,,,,,,,,,,,,,,
"HP 245G9 AMD Ryzen 3 Dual Core 3rd Gen AMD Ryzen 3 3250U - (8 GB/512 GB SSD/Windows 11 Home) 245 G8 Business Laptop  (14 inch, Black, 1.98 kg)","27,990","40,528",4,,AMD,Ryzen 3 Dual Core,Yes,512 GB,8 GB,DDR4,AMD Radeon AMD Radeon™ Graphics,3rd Gen,AMD Ryzen 3 3250U,2.6 GHz base clock,4 MB L3 cache,2,,2400 MHz,,,2 SODIMM,2400,,,,
"Lenovo IdeaPad Flex 5 AMD Ryzen 5 Hexa Core 7530U - (16 GB/512 GB SSD/Windows 11 Home) 14ABR8 2 in 1 Laptop  (14 Inch, Arctic Grey, 1.55 kg, With MS Office)","59,890","93,000",4.5,,AMD,Ryzen 5 Hexa Core,Yes,512 GB,16 GB,LPDDR4X,AMD Radeon AMD,,7530U,"Base Frequency 2.0 GHz, Max Turbo Boost at 4.5 GHz",16 MB,6,,,,AMD SoC Platform,,4266,,,,
"Lenovo LOQ (2024) Intel Core i7 13th Gen 13650HX - (16 GB/512 GB SSD/Windows 11 Pro/6 GB Graphics/NVIDIA GeForce RTX 4050) 15IRX9 Gaming Laptop  (15.6 Inch, Luna Grey, 2.4 Kg, With MS Office)","1,02,990","1,39,890",NA,GDDR6,Intel,Core i7,Yes,512 GB,16 GB,DDR5,NVIDIA GeForce RTX 4050,13th Gen,13650HX,Max Turbo Frequency up to 4.90 GHz,,,,,,,,,6 GB,,,
"Lenovo IdeaPad Gaming 3 AMD Ryzen 5 Hexa Core 6600H - (16 GB/512 GB SSD/Windows 11 Home/4 GB Graphics/NVIDIA GeForce RTX 3050) 15ARH7D4 Gaming Laptop  (15.6 inch, Onyx Grey, 2.32 kg, With MS Office)","67,990","91,290",4.4,GDDR6,AMD,Ryzen 5 Hexa Core,Yes,512 GB,16 GB,DDR5,NVIDIA GeForce RTX 3050,,6600H,"Base Frequency 3.3 GHz, Max Turbo Boost at 4.5 GHz",16 MB,6,16 GB,,,AMD SoC Platform,2,4800,4 GB,,,
"Acer Aspire Lite Intel Core i3 12th Gen 1215U - (16 GB/512 GB SSD/Windows 11 Home) AL15-52 Thin and Light Laptop  (15.6 Inch, Steel Grey, 1.59 Kg)","35,499","55,990",4.2,,Intel,Core i3,Yes,512 GB,16 GB,DDR4,Intel Integrated UHD,12th Gen,1215U,up to 4.40 GHz,,,,,,,,,,,,
"Lenovo Intel Core i7 12th Gen 1255U - (16 GB/512 GB SSD/Windows 11 Home) ThinkBook 15 G4 Thin and Light Laptop  (15.6 Inch, Mineral Grey, 1.70 Kg)","57,990","1,08,000",4.1,,Intel,Core i7,Yes,512 GB,16 GB,DDR4,Intel Integrated Iris Xe,12th Gen,1255U,Max Turbo Frequency upto 4.4GHz,,,,,,,,,,,,
"Acer One14 Backlit Intel Core i5 11th Gen 1155G7 - (8 GB/512 GB SSD/Windows 11 Home) Z8-415 Thin and Light Laptop  (14 Inch, Silver, 1.49 Kg)","38,999","59,999",3.7,,Intel,Core i5,Yes,512 GB,8 GB,DDR4,Intel Integrated Iris Xe,11th Gen,1155G7,2.50GHz with Turbo boost upto 4.5GHz,,,,,,,,,,,,
"Lenovo Ideapad Slim 3 Intel Pentium Quad Core N100 - (4 GB/128 GB EMMC Storage/Chrome OS) 14IAN8 Chromebook  (14 Inch, Storm Grey, 1.45 Kg)","18,990","36,690",NA,,Intel,Pentium Quad Core,No,,4 GB,LPDDR5,Intel Integrated UHD,,N100,Max Frequency Up to 3.4 GHz,,,,,,,,,,,128 GB,
"Lenovo IdeaPad Slim 5 Intel Core i5 12th Gen 12450H - (16 GB/512 GB SSD/Windows 11 Home) 16IAH8 Laptop  (16 Inch, Cloud Grey, 1.89 Kg, With MS Office)","62,190","84,290",4.3,,Intel,Core i5,Yes,512 GB,16 GB,LPDDR5,Intel Integrated UHD,12th Gen,12450H,Max turbo frequency at 4.4 Ghz,,,,,,,,,,,,
"HP 15s (2023) Intel Core i7 13th Gen 1360P - (16 GB/512 GB SSD/Windows 11 Home) 15-fd0024TU Thin and Light Laptop  (15.6 Inch, Natural Silver, 1.6 Kg, With MS Office)","78,490","91,141",4.3,,Intel,Core i7,Yes,512 GB,16 GB,DDR4,Intel Integrated Integrated,13th Gen,1360P,3.70GHz Upto 5.00GHz,18 MB,12,,,,,,,,,,
"Infinix ZEROBOOK 13 Intel Intel Core i5 13th Gen 13500H - (16 GB/512 GB SSD/Windows 11 Home) ZL513 Thin and Light Laptop  (15.6 inch, Grey With Meteorite Phase Design, 1.80 Kg, With MS Office)","45,990","79,990",4.1,,Intel,Core i5,Yes,512 GB,16 GB,LPDDR5X,Intel Integrated 96EU Iris Xe,13th Gen,13500H,Max Turbo Frequency up to 4.7 GHz,,,,,,,,,,,,
"Infinix X3 Slim Intel Intel Core i5 12th Gen 1235U - (16 GB/512 GB SSD/Windows 11 Home) XL422 Thin and Light Laptop  (14 Inch, Green, 1.24 Kg)","36,990","64,990",4.1,,Intel,Core i5,Yes,512 GB,16 GB,LPDDR4X,Intel Integrated Iris Xe,12th Gen,1235U,1.3 GHz with Turbo Boost Upto 4.4 GHz,,,,,,,,,,,,
"MSI Sword 15 Intel Core i5 12th Gen 12500H - (16 GB/512 GB SSD/Windows 11 Home/4 GB Graphics/NVIDIA GeForce RTX 3050 Ti/144 Hz) Sword 15 A12UD-471IN Gaming Laptop  (15.6 Inch, White, 2.25 Kg)","70,647","98,390",4.7,GDDR6,Intel,Core i5,Yes,512 GB,16 GB,DDR4,NVIDIA GeForce RTX 3050 Ti,12th Gen,12500H,4.5,,,,3200 MHz,,,,,4 GB,,,
"HP 14s Intel Core i3 11th Gen - (8 GB/512 GB SSD/Windows 11 Home) 14s-dq2606tu Thin and Light Laptop  (14 Inch, Natural Silver, 1.46 Kg)","46,000","53,000",4.3,,Intel,Core i3,Yes,512 GB,8 GB,DDR4,Intel Integrated UHD Graphics,11th Gen,,3.7,8,4,16,2666 MHz,,Intel Integrated SoC,,,,,,
"HP G8 Intel Core i3 11th Gen 1115G4 - (8 GB/512 GB SSD/Windows 11 Home) 240 G8 Business Laptop  (14 inch, Black Grey, 1.47 kg)","34,390","43,763",4.2,,Intel,Core i3,Yes,512 GB,8 GB,DDR4,Intel Integrated Intel® UHD Graphics,11th Gen,1115G4,(up to 3.5 GHz with Intel® Turbo Boost Technology,"6 MB L3 cache, 2 cores, 4 threads",2,,3200 MHz,,,2 SODIMM,3200,,,,0 GB
"ASUS Vivobook 15 Intel Core i5 12th Gen 1235U - (16 GB/512 GB SSD/Windows 11 Home) X1502ZA-EJ545WS Thin and Light Laptop  (15.6 Inch, Icelight Silver, 1.70 Kg, With MS Office)","51,990","74,990",4.1,,Intel,Core i5,Yes,512 GB,16 GB,DDR4,Intel Integrated Iris Xe,12th Gen,1235U,1.3 GHz with Turbo Boost Upto 4.4 GHz,,,16,,1 TB,,,,,,,
"Acer Aspire Lite Intel Core i7 11th Gen 1165G7 - (16 GB/512 GB SSD/Windows 11 Home) AL15-51 Thin and Light Laptop  (15.6 inch, Steel Grey, 1.59 Kg, With MS Office)","50,999","69,990",NA,,Intel,Core i7,Yes,512 GB,16 GB,DDR4,Intel Integrated Iris Xe,11th Gen,1165G7,Max Frequency Up to 4.7 GHz,,,,,,,,,,,,
